episode,process_cpu_percent,rss_mb,slot,system_available_mb,system_memory_percent,training_step,run,algorithm,network,reward_version,env_protocol,method,method_label,training_seed,node_count,beam_count,azimuth_cells,elevation_cells,slot_duration_ms
0,0.0,311.765625,99,15430.5859375,52.4,100,train_n10_b10_adaptive_gated_contention_actor_100ep_300slot_seed20260741,isac_mappo,adaptive_gated_contention_shared,collision_topology,isac_structured_marl,adaptive_gated_contention_actor,Adaptive gated contention ISAC-MAPPO,20260741,10,648,36,18,5.0
0,0.0,334.296875,199,15373.0546875,52.5,200,train_n10_b10_adaptive_gated_contention_actor_100ep_300slot_seed20260741,isac_mappo,adaptive_gated_contention_shared,collision_topology,isac_structured_marl,adaptive_gated_contention_actor,Adaptive gated contention ISAC-MAPPO,20260741,10,648,36,18,5.0
0,0.0,357.11328125,299,15336.63671875,52.6,300,train_n10_b10_adaptive_gated_contention_actor_100ep_300slot_seed20260741,isac_mappo,adaptive_gated_contention_shared,collision_topology,isac_structured_marl,adaptive_gated_contention_actor,Adaptive gated contention ISAC-MAPPO,20260741,10,648,36,18,5.0
1,0.0,408.49609375,99,15193.6484375,53.1,400,train_n10_b10_adaptive_gated_contention_actor_100ep_300slot_seed20260741,isac_mappo,adaptive_gated_contention_shared,collision_topology,isac_structured_marl,adaptive_gated_contention_actor,Adaptive gated contention ISAC-MAPPO,20260741,10,648,36,18,5.0
1,0.0,427.921875,199,15164.64453125,53.2,500,train_n10_b10_adaptive_gated_contention_actor_100ep_300slot_seed20260741,isac_mappo,adaptive_gated_contention_shared,collision_topology,isac_structured_marl,adaptive_gated_contention_actor,Adaptive gated contention ISAC-MAPPO,20260741,10,648,36,18,5.0
1,0.0,449.2578125,299,15171.0625,53.2,600,train_n10_b10_adaptive_gated_contention_actor_100ep_300slot_seed20260741,isac_mappo,adaptive_gated_contention_shared,collision_topology,isac_structured_marl,adaptive_gated_contention_actor,Adaptive gated contention ISAC-MAPPO,20260741,10,648,36,18,5.0
2,0.0,415.453125,99,15070.6796875,53.5,700,train_n10_b10_adaptive_gated_contention_actor_100ep_300slot_seed20260741,isac_mappo,adaptive_gated_contention_shared,collision_topology,isac_structured_marl,adaptive_gated_contention_actor,Adaptive gated contention ISAC-MAPPO,20260741,10,648,36,18,5.0
2,0.0,434.6484375,199,15028.83984375,53.6,800,train_n10_b10_adaptive_gated_contention_actor_100ep_300slot_seed20260741,isac_mappo,adaptive_gated_contention_shared,collision_topology,isac_structured_marl,adaptive_gated_contention_actor,Adaptive gated contention ISAC-MAPPO,20260741,10,648,36,18,5.0
2,0.0,454.41015625,299,14995.52734375,53.7,900,train_n10_b10_adaptive_gated_contention_actor_100ep_300slot_seed20260741,isac_mappo,adaptive_gated_contention_shared,collision_topology,isac_structured_marl,adaptive_gated_contention_actor,Adaptive gated contention ISAC-MAPPO,20260741,10,648,36,18,5.0
3,0.0,422.59375,99,14892.2890625,54.0,1000,train_n10_b10_adaptive_gated_contention_actor_100ep_300slot_seed20260741,isac_mappo,adaptive_gated_contention_shared,collision_topology,isac_structured_marl,adaptive_gated_contention_actor,Adaptive gated contention ISAC-MAPPO,20260741,10,648,36,18,5.0
3,0.0,442.07421875,199,14939.8046875,53.9,1100,train_n10_b10_adaptive_gated_contention_actor_100ep_300slot_seed20260741,isac_mappo,adaptive_gated_contention_shared,collision_topology,isac_structured_marl,adaptive_gated_contention_actor,Adaptive gated contention ISAC-MAPPO,20260741,10,648,36,18,5.0
3,0.0,462.12890625,299,14887.2890625,54.0,1200,train_n10_b10_adaptive_gated_contention_actor_100ep_300slot_seed20260741,isac_mappo,adaptive_gated_contention_shared,collision_topology,isac_structured_marl,adaptive_gated_contention_actor,Adaptive gated contention ISAC-MAPPO,20260741,10,648,36,18,5.0
4,0.0,433.51171875,99,14792.625,54.3,1300,train_n10_b10_adaptive_gated_contention_actor_100ep_300slot_seed20260741,isac_mappo,adaptive_gated_contention_shared,collision_topology,isac_structured_marl,adaptive_gated_contention_actor,Adaptive gated contention ISAC-MAPPO,20260741,10,648,36,18,5.0
4,0.0,452.69921875,199,14771.421875,54.4,1400,train_n10_b10_adaptive_gated_contention_actor_100ep_300slot_seed20260741,isac_mappo,adaptive_gated_contention_shared,collision_topology,isac_structured_marl,adaptive_gated_contention_actor,Adaptive gated contention ISAC-MAPPO,20260741,10,648,36,18,5.0
4,0.0,471.81640625,299,14734.546875,54.5,1500,train_n10_b10_adaptive_gated_contention_actor_100ep_300slot_seed20260741,isac_mappo,adaptive_gated_contention_shared,collision_topology,isac_structured_marl,adaptive_gated_contention_actor,Adaptive gated contention ISAC-MAPPO,20260741,10,648,36,18,5.0
5,0.0,622.7734375,99,14510.74609375,55.2,1600,train_n10_b10_adaptive_gated_contention_actor_100ep_300slot_seed20260741,isac_mappo,adaptive_gated_contention_shared,collision_topology,isac_structured_marl,adaptive_gated_contention_actor,Adaptive gated contention ISAC-MAPPO,20260741,10,648,36,18,5.0
5,0.0,622.8671875,199,14588.93359375,55.0,1700,train_n10_b10_adaptive_gated_contention_actor_100ep_300slot_seed20260741,isac_mappo,adaptive_gated_contention_shared,collision_topology,isac_structured_marl,adaptive_gated_contention_actor,Adaptive gated contention ISAC-MAPPO,20260741,10,648,36,18,5.0
5,0.0,622.84375,299,14432.9609375,55.4,1800,train_n10_b10_adaptive_gated_contention_actor_100ep_300slot_seed20260741,isac_mappo,adaptive_gated_contention_shared,collision_topology,isac_structured_marl,adaptive_gated_contention_actor,Adaptive gated contention ISAC-MAPPO,20260741,10,648,36,18,5.0
6,0.0,651.265625,99,14359.21484375,55.7,1900,train_n10_b10_adaptive_gated_contention_actor_100ep_300slot_seed20260741,isac_mappo,adaptive_gated_contention_shared,collision_topology,isac_structured_marl,adaptive_gated_contention_actor,Adaptive gated contention ISAC-MAPPO,20260741,10,648,36,18,5.0
6,0.0,651.30078125,199,14380.36328125,55.6,2000,train_n10_b10_adaptive_gated_contention_actor_100ep_300slot_seed20260741,isac_mappo,adaptive_gated_contention_shared,collision_topology,isac_structured_marl,adaptive_gated_contention_actor,Adaptive gated contention ISAC-MAPPO,20260741,10,648,36,18,5.0
6,0.0,651.05078125,299,14418.56640625,55.5,2100,train_n10_b10_adaptive_gated_contention_actor_100ep_300slot_seed20260741,isac_mappo,adaptive_gated_contention_shared,collision_topology,isac_structured_marl,adaptive_gated_contention_actor,Adaptive gated contention ISAC-MAPPO,20260741,10,648,36,18,5.0
7,0.0,657.90625,99,14190.21875,56.2,2200,train_n10_b10_adaptive_gated_contention_actor_100ep_300slot_seed20260741,isac_mappo,adaptive_gated_contention_shared,collision_topology,isac_structured_marl,adaptive_gated_contention_actor,Adaptive gated contention ISAC-MAPPO,20260741,10,648,36,18,5.0
7,0.0,658.34765625,199,14185.5703125,56.2,2300,train_n10_b10_adaptive_gated_contention_actor_100ep_300slot_seed20260741,isac_mappo,adaptive_gated_contention_shared,collision_topology,isac_structured_marl,adaptive_gated_contention_actor,Adaptive gated contention ISAC-MAPPO,20260741,10,648,36,18,5.0
7,0.0,658.3515625,299,14212.19921875,56.1,2400,train_n10_b10_adaptive_gated_contention_actor_100ep_300slot_seed20260741,isac_mappo,adaptive_gated_contention_shared,collision_topology,isac_structured_marl,adaptive_gated_contention_actor,Adaptive gated contention ISAC-MAPPO,20260741,10,648,36,18,5.0
8,0.0,677.21484375,99,14191.61328125,56.2,2500,train_n10_b10_adaptive_gated_contention_actor_100ep_300slot_seed20260741,isac_mappo,adaptive_gated_contention_shared,collision_topology,isac_structured_marl,adaptive_gated_contention_actor,Adaptive gated contention ISAC-MAPPO,20260741,10,648,36,18,5.0
8,0.0,680.578125,199,14162.36328125,56.3,2600,train_n10_b10_adaptive_gated_contention_actor_100ep_300slot_seed20260741,isac_mappo,adaptive_gated_contention_shared,collision_topology,isac_structured_marl,adaptive_gated_contention_actor,Adaptive gated contention ISAC-MAPPO,20260741,10,648,36,18,5.0
8,0.0,681.1796875,299,14131.80859375,56.4,2700,train_n10_b10_adaptive_gated_contention_actor_100ep_300slot_seed20260741,isac_mappo,adaptive_gated_contention_shared,collision_topology,isac_structured_marl,adaptive_gated_contention_actor,Adaptive gated contention ISAC-MAPPO,20260741,10,648,36,18,5.0
9,0.0,456.88671875,99,14253.890625,56.0,2800,train_n10_b10_adaptive_gated_contention_actor_100ep_300slot_seed20260741,isac_mappo,adaptive_gated_contention_shared,collision_topology,isac_structured_marl,adaptive_gated_contention_actor,Adaptive gated contention ISAC-MAPPO,20260741,10,648,36,18,5.0
9,0.0,456.88671875,199,14245.09765625,56.0,2900,train_n10_b10_adaptive_gated_contention_actor_100ep_300slot_seed20260741,isac_mappo,adaptive_gated_contention_shared,collision_topology,isac_structured_marl,adaptive_gated_contention_actor,Adaptive gated contention ISAC-MAPPO,20260741,10,648,36,18,5.0
9,0.0,468.08984375,299,14210.5,56.1,3000,train_n10_b10_adaptive_gated_contention_actor_100ep_300slot_seed20260741,isac_mappo,adaptive_gated_contention_shared,collision_topology,isac_structured_marl,adaptive_gated_contention_actor,Adaptive gated contention ISAC-MAPPO,20260741,10,648,36,18,5.0
10,0.0,726.5625,99,13824.33203125,57.3,3100,train_n10_b10_adaptive_gated_contention_actor_100ep_300slot_seed20260741,isac_mappo,adaptive_gated_contention_shared,collision_topology,isac_structured_marl,adaptive_gated_contention_actor,Adaptive gated contention ISAC-MAPPO,20260741,10,648,36,18,5.0
10,0.0,726.5703125,199,13874.04296875,57.2,3200,train_n10_b10_adaptive_gated_contention_actor_100ep_300slot_seed20260741,isac_mappo,adaptive_gated_contention_shared,collision_topology,isac_structured_marl,adaptive_gated_contention_actor,Adaptive gated contention ISAC-MAPPO,20260741,10,648,36,18,5.0
10,0.0,726.60546875,299,13830.8671875,57.3,3300,train_n10_b10_adaptive_gated_contention_actor_100ep_300slot_seed20260741,isac_mappo,adaptive_gated_contention_shared,collision_topology,isac_structured_marl,adaptive_gated_contention_actor,Adaptive gated contention ISAC-MAPPO,20260741,10,648,36,18,5.0
11,0.0,722.93359375,99,13679.515625,57.8,3400,train_n10_b10_adaptive_gated_contention_actor_100ep_300slot_seed20260741,isac_mappo,adaptive_gated_contention_shared,collision_topology,isac_structured_marl,adaptive_gated_contention_actor,Adaptive gated contention ISAC-MAPPO,20260741,10,648,36,18,5.0
11,0.0,723.2265625,199,13703.1640625,57.7,3500,train_n10_b10_adaptive_gated_contention_actor_100ep_300slot_seed20260741,isac_mappo,adaptive_gated_contention_shared,collision_topology,isac_structured_marl,adaptive_gated_contention_actor,Adaptive gated contention ISAC-MAPPO,20260741,10,648,36,18,5.0
11,0.0,723.25390625,299,13712.578125,57.7,3600,train_n10_b10_adaptive_gated_contention_actor_100ep_300slot_seed20260741,isac_mappo,adaptive_gated_contention_shared,collision_topology,isac_structured_marl,adaptive_gated_contention_actor,Adaptive gated contention ISAC-MAPPO,20260741,10,648,36,18,5.0
12,0.0,724.4765625,99,13533.328125,58.2,3700,train_n10_b10_adaptive_gated_contention_actor_100ep_300slot_seed20260741,isac_mappo,adaptive_gated_contention_shared,collision_topology,isac_structured_marl,adaptive_gated_contention_actor,Adaptive gated contention ISAC-MAPPO,20260741,10,648,36,18,5.0
12,0.0,724.4765625,199,13604.27734375,58.0,3800,train_n10_b10_adaptive_gated_contention_actor_100ep_300slot_seed20260741,isac_mappo,adaptive_gated_contention_shared,collision_topology,isac_structured_marl,adaptive_gated_contention_actor,Adaptive gated contention ISAC-MAPPO,20260741,10,648,36,18,5.0
12,0.0,724.46875,299,13593.58984375,58.0,3900,train_n10_b10_adaptive_gated_contention_actor_100ep_300slot_seed20260741,isac_mappo,adaptive_gated_contention_shared,collision_topology,isac_structured_marl,adaptive_gated_contention_actor,Adaptive gated contention ISAC-MAPPO,20260741,10,648,36,18,5.0
13,0.0,464.828125,99,13725.25,57.6,4000,train_n10_b10_adaptive_gated_contention_actor_100ep_300slot_seed20260741,isac_mappo,adaptive_gated_contention_shared,collision_topology,isac_structured_marl,adaptive_gated_contention_actor,Adaptive gated contention ISAC-MAPPO,20260741,10,648,36,18,5.0
13,0.0,464.828125,199,13750.87109375,57.5,4100,train_n10_b10_adaptive_gated_contention_actor_100ep_300slot_seed20260741,isac_mappo,adaptive_gated_contention_shared,collision_topology,isac_structured_marl,adaptive_gated_contention_actor,Adaptive gated contention ISAC-MAPPO,20260741,10,648,36,18,5.0
13,0.0,474.59765625,299,13736.21484375,57.6,4200,train_n10_b10_adaptive_gated_contention_actor_100ep_300slot_seed20260741,isac_mappo,adaptive_gated_contention_shared,collision_topology,isac_structured_marl,adaptive_gated_contention_actor,Adaptive gated contention ISAC-MAPPO,20260741,10,648,36,18,5.0
14,0.0,725.47265625,99,13326.41015625,58.9,4300,train_n10_b10_adaptive_gated_contention_actor_100ep_300slot_seed20260741,isac_mappo,adaptive_gated_contention_shared,collision_topology,isac_structured_marl,adaptive_gated_contention_actor,Adaptive gated contention ISAC-MAPPO,20260741,10,648,36,18,5.0
14,0.0,728.62109375,199,13319.32421875,58.9,4400,train_n10_b10_adaptive_gated_contention_actor_100ep_300slot_seed20260741,isac_mappo,adaptive_gated_contention_shared,collision_topology,isac_structured_marl,adaptive_gated_contention_actor,Adaptive gated contention ISAC-MAPPO,20260741,10,648,36,18,5.0
14,0.0,728.6484375,299,13321.6640625,58.9,4500,train_n10_b10_adaptive_gated_contention_actor_100ep_300slot_seed20260741,isac_mappo,adaptive_gated_contention_shared,collision_topology,isac_structured_marl,adaptive_gated_contention_actor,Adaptive gated contention ISAC-MAPPO,20260741,10,648,36,18,5.0
15,0.0,749.57421875,99,13235.1796875,59.1,4600,train_n10_b10_adaptive_gated_contention_actor_100ep_300slot_seed20260741,isac_mappo,adaptive_gated_contention_shared,collision_topology,isac_structured_marl,adaptive_gated_contention_actor,Adaptive gated contention ISAC-MAPPO,20260741,10,648,36,18,5.0
15,0.0,749.57421875,199,13204.55078125,59.2,4700,train_n10_b10_adaptive_gated_contention_actor_100ep_300slot_seed20260741,isac_mappo,adaptive_gated_contention_shared,collision_topology,isac_structured_marl,adaptive_gated_contention_actor,Adaptive gated contention ISAC-MAPPO,20260741,10,648,36,18,5.0
15,0.0,749.51953125,299,13183.203125,59.3,4800,train_n10_b10_adaptive_gated_contention_actor_100ep_300slot_seed20260741,isac_mappo,adaptive_gated_contention_shared,collision_topology,isac_structured_marl,adaptive_gated_contention_actor,Adaptive gated contention ISAC-MAPPO,20260741,10,648,36,18,5.0
16,0.0,763.96484375,99,13084.94140625,59.6,4900,train_n10_b10_adaptive_gated_contention_actor_100ep_300slot_seed20260741,isac_mappo,adaptive_gated_contention_shared,collision_topology,isac_structured_marl,adaptive_gated_contention_actor,Adaptive gated contention ISAC-MAPPO,20260741,10,648,36,18,5.0
16,0.0,764.609375,199,13039.3125,59.7,5000,train_n10_b10_adaptive_gated_contention_actor_100ep_300slot_seed20260741,isac_mappo,adaptive_gated_contention_shared,collision_topology,isac_structured_marl,adaptive_gated_contention_actor,Adaptive gated contention ISAC-MAPPO,20260741,10,648,36,18,5.0
16,0.0,764.62109375,299,13029.40625,59.8,5100,train_n10_b10_adaptive_gated_contention_actor_100ep_300slot_seed20260741,isac_mappo,adaptive_gated_contention_shared,collision_topology,isac_structured_marl,adaptive_gated_contention_actor,Adaptive gated contention ISAC-MAPPO,20260741,10,648,36,18,5.0
17,0.0,760.04296875,99,12964.94140625,60.0,5200,train_n10_b10_adaptive_gated_contention_actor_100ep_300slot_seed20260741,isac_mappo,adaptive_gated_contention_shared,collision_topology,isac_structured_marl,adaptive_gated_contention_actor,Adaptive gated contention ISAC-MAPPO,20260741,10,648,36,18,5.0
17,0.0,760.046875,199,12905.81640625,60.1,5300,train_n10_b10_adaptive_gated_contention_actor_100ep_300slot_seed20260741,isac_mappo,adaptive_gated_contention_shared,collision_topology,isac_structured_marl,adaptive_gated_contention_actor,Adaptive gated contention ISAC-MAPPO,20260741,10,648,36,18,5.0
17,0.0,760.40234375,299,12950.63671875,60.0,5400,train_n10_b10_adaptive_gated_contention_actor_100ep_300slot_seed20260741,isac_mappo,adaptive_gated_contention_shared,collision_topology,isac_structured_marl,adaptive_gated_contention_actor,Adaptive gated contention ISAC-MAPPO,20260741,10,648,36,18,5.0
18,0.0,472.09765625,99,13069.6875,59.6,5500,train_n10_b10_adaptive_gated_contention_actor_100ep_300slot_seed20260741,isac_mappo,adaptive_gated_contention_shared,collision_topology,isac_structured_marl,adaptive_gated_contention_actor,Adaptive gated contention ISAC-MAPPO,20260741,10,648,36,18,5.0
18,0.0,472.09765625,199,13061.171875,59.7,5600,train_n10_b10_adaptive_gated_contention_actor_100ep_300slot_seed20260741,isac_mappo,adaptive_gated_contention_shared,collision_topology,isac_structured_marl,adaptive_gated_contention_actor,Adaptive gated contention ISAC-MAPPO,20260741,10,648,36,18,5.0
18,0.0,480.74609375,299,13111.796875,59.5,5700,train_n10_b10_adaptive_gated_contention_actor_100ep_300slot_seed20260741,isac_mappo,adaptive_gated_contention_shared,collision_topology,isac_structured_marl,adaptive_gated_contention_actor,Adaptive gated contention ISAC-MAPPO,20260741,10,648,36,18,5.0
19,0.0,757.55078125,99,12695.8828125,60.8,5800,train_n10_b10_adaptive_gated_contention_actor_100ep_300slot_seed20260741,isac_mappo,adaptive_gated_contention_shared,collision_topology,isac_structured_marl,adaptive_gated_contention_actor,Adaptive gated contention ISAC-MAPPO,20260741,10,648,36,18,5.0
19,0.0,760.80078125,199,12708.91015625,60.8,5900,train_n10_b10_adaptive_gated_contention_actor_100ep_300slot_seed20260741,isac_mappo,adaptive_gated_contention_shared,collision_topology,isac_structured_marl,adaptive_gated_contention_actor,Adaptive gated contention ISAC-MAPPO,20260741,10,648,36,18,5.0
19,0.0,760.8046875,299,12734.19921875,60.7,6000,train_n10_b10_adaptive_gated_contention_actor_100ep_300slot_seed20260741,isac_mappo,adaptive_gated_contention_shared,collision_topology,isac_structured_marl,adaptive_gated_contention_actor,Adaptive gated contention ISAC-MAPPO,20260741,10,648,36,18,5.0
20,0.0,743.8359375,99,12476.28125,61.5,6100,train_n10_b10_adaptive_gated_contention_actor_100ep_300slot_seed20260741,isac_mappo,adaptive_gated_contention_shared,collision_topology,isac_structured_marl,adaptive_gated_contention_actor,Adaptive gated contention ISAC-MAPPO,20260741,10,648,36,18,5.0
20,0.0,743.6171875,199,12496.31640625,61.4,6200,train_n10_b10_adaptive_gated_contention_actor_100ep_300slot_seed20260741,isac_mappo,adaptive_gated_contention_shared,collision_topology,isac_structured_marl,adaptive_gated_contention_actor,Adaptive gated contention ISAC-MAPPO,20260741,10,648,36,18,5.0
20,0.0,743.640625,299,12484.10546875,61.5,6300,train_n10_b10_adaptive_gated_contention_actor_100ep_300slot_seed20260741,isac_mappo,adaptive_gated_contention_shared,collision_topology,isac_structured_marl,adaptive_gated_contention_actor,Adaptive gated contention ISAC-MAPPO,20260741,10,648,36,18,5.0
21,0.0,748.08203125,99,12416.02734375,61.7,6400,train_n10_b10_adaptive_gated_contention_actor_100ep_300slot_seed20260741,isac_mappo,adaptive_gated_contention_shared,collision_topology,isac_structured_marl,adaptive_gated_contention_actor,Adaptive gated contention ISAC-MAPPO,20260741,10,648,36,18,5.0
21,0.0,748.08203125,199,12448.90234375,61.6,6500,train_n10_b10_adaptive_gated_contention_actor_100ep_300slot_seed20260741,isac_mappo,adaptive_gated_contention_shared,collision_topology,isac_structured_marl,adaptive_gated_contention_actor,Adaptive gated contention ISAC-MAPPO,20260741,10,648,36,18,5.0
21,0.0,748.546875,299,12397.3125,61.7,6600,train_n10_b10_adaptive_gated_contention_actor_100ep_300slot_seed20260741,isac_mappo,adaptive_gated_contention_shared,collision_topology,isac_structured_marl,adaptive_gated_contention_actor,Adaptive gated contention ISAC-MAPPO,20260741,10,648,36,18,5.0
22,0.0,472.875,99,12590.1796875,61.1,6700,train_n10_b10_adaptive_gated_contention_actor_100ep_300slot_seed20260741,isac_mappo,adaptive_gated_contention_shared,collision_topology,isac_structured_marl,adaptive_gated_contention_actor,Adaptive gated contention ISAC-MAPPO,20260741,10,648,36,18,5.0
22,0.0,472.90625,199,12550.98828125,61.2,6800,train_n10_b10_adaptive_gated_contention_actor_100ep_300slot_seed20260741,isac_mappo,adaptive_gated_contention_shared,collision_topology,isac_structured_marl,adaptive_gated_contention_actor,Adaptive gated contention ISAC-MAPPO,20260741,10,648,36,18,5.0
22,0.0,478.40625,299,12583.64453125,61.1,6900,train_n10_b10_adaptive_gated_contention_actor_100ep_300slot_seed20260741,isac_mappo,adaptive_gated_contention_shared,collision_topology,isac_structured_marl,adaptive_gated_contention_actor,Adaptive gated contention ISAC-MAPPO,20260741,10,648,36,18,5.0
23,0.0,751.421875,99,12189.859375,62.4,7000,train_n10_b10_adaptive_gated_contention_actor_100ep_300slot_seed20260741,isac_mappo,adaptive_gated_contention_shared,collision_topology,isac_structured_marl,adaptive_gated_contention_actor,Adaptive gated contention ISAC-MAPPO,20260741,10,648,36,18,5.0
23,0.0,751.69921875,199,12198.76171875,62.3,7100,train_n10_b10_adaptive_gated_contention_actor_100ep_300slot_seed20260741,isac_mappo,adaptive_gated_contention_shared,collision_topology,isac_structured_marl,adaptive_gated_contention_actor,Adaptive gated contention ISAC-MAPPO,20260741,10,648,36,18,5.0
23,0.0,751.72265625,299,12191.296875,62.4,7200,train_n10_b10_adaptive_gated_contention_actor_100ep_300slot_seed20260741,isac_mappo,adaptive_gated_contention_shared,collision_topology,isac_structured_marl,adaptive_gated_contention_actor,Adaptive gated contention ISAC-MAPPO,20260741,10,648,36,18,5.0
24,0.0,471.94140625,99,12310.16015625,62.0,7300,train_n10_b10_adaptive_gated_contention_actor_100ep_300slot_seed20260741,isac_mappo,adaptive_gated_contention_shared,collision_topology,isac_structured_marl,adaptive_gated_contention_actor,Adaptive gated contention ISAC-MAPPO,20260741,10,648,36,18,5.0
24,0.0,471.94140625,199,12275.32421875,62.1,7400,train_n10_b10_adaptive_gated_contention_actor_100ep_300slot_seed20260741,isac_mappo,adaptive_gated_contention_shared,collision_topology,isac_structured_marl,adaptive_gated_contention_actor,Adaptive gated contention ISAC-MAPPO,20260741,10,648,36,18,5.0
24,0.0,476.01171875,299,12283.6953125,62.1,7500,train_n10_b10_adaptive_gated_contention_actor_100ep_300slot_seed20260741,isac_mappo,adaptive_gated_contention_shared,collision_topology,isac_structured_marl,adaptive_gated_contention_actor,Adaptive gated contention ISAC-MAPPO,20260741,10,648,36,18,5.0
25,0.0,746.609375,99,11950.3828125,63.1,7600,train_n10_b10_adaptive_gated_contention_actor_100ep_300slot_seed20260741,isac_mappo,adaptive_gated_contention_shared,collision_topology,isac_structured_marl,adaptive_gated_contention_actor,Adaptive gated contention ISAC-MAPPO,20260741,10,648,36,18,5.0
25,0.0,746.578125,199,11939.3828125,63.1,7700,train_n10_b10_adaptive_gated_contention_actor_100ep_300slot_seed20260741,isac_mappo,adaptive_gated_contention_shared,collision_topology,isac_structured_marl,adaptive_gated_contention_actor,Adaptive gated contention ISAC-MAPPO,20260741,10,648,36,18,5.0
25,0.0,746.62109375,299,11937.140625,63.1,7800,train_n10_b10_adaptive_gated_contention_actor_100ep_300slot_seed20260741,isac_mappo,adaptive_gated_contention_shared,collision_topology,isac_structured_marl,adaptive_gated_contention_actor,Adaptive gated contention ISAC-MAPPO,20260741,10,648,36,18,5.0
26,0.0,755.34765625,99,11863.8984375,63.4,7900,train_n10_b10_adaptive_gated_contention_actor_100ep_300slot_seed20260741,isac_mappo,adaptive_gated_contention_shared,collision_topology,isac_structured_marl,adaptive_gated_contention_actor,Adaptive gated contention ISAC-MAPPO,20260741,10,648,36,18,5.0
26,0.0,755.62109375,199,11810.5078125,63.5,8000,train_n10_b10_adaptive_gated_contention_actor_100ep_300slot_seed20260741,isac_mappo,adaptive_gated_contention_shared,collision_topology,isac_structured_marl,adaptive_gated_contention_actor,Adaptive gated contention ISAC-MAPPO,20260741,10,648,36,18,5.0
26,0.0,754.9375,299,11789.375,63.6,8100,train_n10_b10_adaptive_gated_contention_actor_100ep_300slot_seed20260741,isac_mappo,adaptive_gated_contention_shared,collision_topology,isac_structured_marl,adaptive_gated_contention_actor,Adaptive gated contention ISAC-MAPPO,20260741,10,648,36,18,5.0
27,0.0,476.68359375,99,11962.51953125,63.1,8200,train_n10_b10_adaptive_gated_contention_actor_100ep_300slot_seed20260741,isac_mappo,adaptive_gated_contention_shared,collision_topology,isac_structured_marl,adaptive_gated_contention_actor,Adaptive gated contention ISAC-MAPPO,20260741,10,648,36,18,5.0
27,0.0,476.68359375,199,12000.63671875,62.9,8300,train_n10_b10_adaptive_gated_contention_actor_100ep_300slot_seed20260741,isac_mappo,adaptive_gated_contention_shared,collision_topology,isac_structured_marl,adaptive_gated_contention_actor,Adaptive gated contention ISAC-MAPPO,20260741,10,648,36,18,5.0
27,0.0,480.65234375,299,11957.3828125,63.1,8400,train_n10_b10_adaptive_gated_contention_actor_100ep_300slot_seed20260741,isac_mappo,adaptive_gated_contention_shared,collision_topology,isac_structured_marl,adaptive_gated_contention_actor,Adaptive gated contention ISAC-MAPPO,20260741,10,648,36,18,5.0
28,0.0,762.5625,99,11775.921875,63.6,8500,train_n10_b10_adaptive_gated_contention_actor_100ep_300slot_seed20260741,isac_mappo,adaptive_gated_contention_shared,collision_topology,isac_structured_marl,adaptive_gated_contention_actor,Adaptive gated contention ISAC-MAPPO,20260741,10,648,36,18,5.0
28,0.0,762.5625,199,11788.96484375,63.6,8600,train_n10_b10_adaptive_gated_contention_actor_100ep_300slot_seed20260741,isac_mappo,adaptive_gated_contention_shared,collision_topology,isac_structured_marl,adaptive_gated_contention_actor,Adaptive gated contention ISAC-MAPPO,20260741,10,648,36,18,5.0
28,0.0,762.5625,299,11763.9453125,63.7,8700,train_n10_b10_adaptive_gated_contention_actor_100ep_300slot_seed20260741,isac_mappo,adaptive_gated_contention_shared,collision_topology,isac_structured_marl,adaptive_gated_contention_actor,Adaptive gated contention ISAC-MAPPO,20260741,10,648,36,18,5.0
29,0.0,768.30859375,99,11691.05859375,63.9,8800,train_n10_b10_adaptive_gated_contention_actor_100ep_300slot_seed20260741,isac_mappo,adaptive_gated_contention_shared,collision_topology,isac_structured_marl,adaptive_gated_contention_actor,Adaptive gated contention ISAC-MAPPO,20260741,10,648,36,18,5.0
29,0.0,768.26171875,199,11727.703125,63.8,8900,train_n10_b10_adaptive_gated_contention_actor_100ep_300slot_seed20260741,isac_mappo,adaptive_gated_contention_shared,collision_topology,isac_structured_marl,adaptive_gated_contention_actor,Adaptive gated contention ISAC-MAPPO,20260741,10,648,36,18,5.0
29,0.0,768.08984375,299,11706.875,63.9,9000,train_n10_b10_adaptive_gated_contention_actor_100ep_300slot_seed20260741,isac_mappo,adaptive_gated_contention_shared,collision_topology,isac_structured_marl,adaptive_gated_contention_actor,Adaptive gated contention ISAC-MAPPO,20260741,10,648,36,18,5.0
30,0.0,764.078125,99,11518.9609375,64.4,9100,train_n10_b10_adaptive_gated_contention_actor_100ep_300slot_seed20260741,isac_mappo,adaptive_gated_contention_shared,collision_topology,isac_structured_marl,adaptive_gated_contention_actor,Adaptive gated contention ISAC-MAPPO,20260741,10,648,36,18,5.0
30,0.0,764.078125,199,11472.34765625,64.6,9200,train_n10_b10_adaptive_gated_contention_actor_100ep_300slot_seed20260741,isac_mappo,adaptive_gated_contention_shared,collision_topology,isac_structured_marl,adaptive_gated_contention_actor,Adaptive gated contention ISAC-MAPPO,20260741,10,648,36,18,5.0
30,0.0,764.078125,299,11467.7421875,64.6,9300,train_n10_b10_adaptive_gated_contention_actor_100ep_300slot_seed20260741,isac_mappo,adaptive_gated_contention_shared,collision_topology,isac_structured_marl,adaptive_gated_contention_actor,Adaptive gated contention ISAC-MAPPO,20260741,10,648,36,18,5.0
31,0.0,766.9453125,99,11351.49609375,64.9,9400,train_n10_b10_adaptive_gated_contention_actor_100ep_300slot_seed20260741,isac_mappo,adaptive_gated_contention_shared,collision_topology,isac_structured_marl,adaptive_gated_contention_actor,Adaptive gated contention ISAC-MAPPO,20260741,10,648,36,18,5.0
31,0.0,766.9609375,199,11371.64453125,64.9,9500,train_n10_b10_adaptive_gated_contention_actor_100ep_300slot_seed20260741,isac_mappo,adaptive_gated_contention_shared,collision_topology,isac_structured_marl,adaptive_gated_contention_actor,Adaptive gated contention ISAC-MAPPO,20260741,10,648,36,18,5.0
31,0.0,766.9609375,299,11364.79296875,64.9,9600,train_n10_b10_adaptive_gated_contention_actor_100ep_300slot_seed20260741,isac_mappo,adaptive_gated_contention_shared,collision_topology,isac_structured_marl,adaptive_gated_contention_actor,Adaptive gated contention ISAC-MAPPO,20260741,10,648,36,18,5.0
32,0.0,774.63671875,99,11238.3515625,65.3,9700,train_n10_b10_adaptive_gated_contention_actor_100ep_300slot_seed20260741,isac_mappo,adaptive_gated_contention_shared,collision_topology,isac_structured_marl,adaptive_gated_contention_actor,Adaptive gated contention ISAC-MAPPO,20260741,10,648,36,18,5.0
32,0.0,774.66015625,199,11234.0859375,65.3,9800,train_n10_b10_adaptive_gated_contention_actor_100ep_300slot_seed20260741,isac_mappo,adaptive_gated_contention_shared,collision_topology,isac_structured_marl,adaptive_gated_contention_actor,Adaptive gated contention ISAC-MAPPO,20260741,10,648,36,18,5.0
32,0.0,774.66015625,299,11246.54296875,65.3,9900,train_n10_b10_adaptive_gated_contention_actor_100ep_300slot_seed20260741,isac_mappo,adaptive_gated_contention_shared,collision_topology,isac_structured_marl,adaptive_gated_contention_actor,Adaptive gated contention ISAC-MAPPO,20260741,10,648,36,18,5.0
33,0.0,470.12890625,99,11477.24609375,64.6,10000,train_n10_b10_adaptive_gated_contention_actor_100ep_300slot_seed20260741,isac_mappo,adaptive_gated_contention_shared,collision_topology,isac_structured_marl,adaptive_gated_contention_actor,Adaptive gated contention ISAC-MAPPO,20260741,10,648,36,18,5.0
33,0.0,470.12890625,199,11446.7421875,64.7,10100,train_n10_b10_adaptive_gated_contention_actor_100ep_300slot_seed20260741,isac_mappo,adaptive_gated_contention_shared,collision_topology,isac_structured_marl,adaptive_gated_contention_actor,Adaptive gated contention ISAC-MAPPO,20260741,10,648,36,18,5.0
33,0.0,472.37109375,299,11430.20703125,64.7,10200,train_n10_b10_adaptive_gated_contention_actor_100ep_300slot_seed20260741,isac_mappo,adaptive_gated_contention_shared,collision_topology,isac_structured_marl,adaptive_gated_contention_actor,Adaptive gated contention ISAC-MAPPO,20260741,10,648,36,18,5.0
34,0.0,786.859375,99,11031.4375,65.9,10300,train_n10_b10_adaptive_gated_contention_actor_100ep_300slot_seed20260741,isac_mappo,adaptive_gated_contention_shared,collision_topology,isac_structured_marl,adaptive_gated_contention_actor,Adaptive gated contention ISAC-MAPPO,20260741,10,648,36,18,5.0
34,0.0,786.859375,199,11005.25390625,66.0,10400,train_n10_b10_adaptive_gated_contention_actor_100ep_300slot_seed20260741,isac_mappo,adaptive_gated_contention_shared,collision_topology,isac_structured_marl,adaptive_gated_contention_actor,Adaptive gated contention ISAC-MAPPO,20260741,10,648,36,18,5.0
34,0.0,786.859375,299,11044.9765625,65.9,10500,train_n10_b10_adaptive_gated_contention_actor_100ep_300slot_seed20260741,isac_mappo,adaptive_gated_contention_shared,collision_topology,isac_structured_marl,adaptive_gated_contention_actor,Adaptive gated contention ISAC-MAPPO,20260741,10,648,36,18,5.0
35,0.0,780.25,99,10881.4296875,66.4,10600,train_n10_b10_adaptive_gated_contention_actor_100ep_300slot_seed20260741,isac_mappo,adaptive_gated_contention_shared,collision_topology,isac_structured_marl,adaptive_gated_contention_actor,Adaptive gated contention ISAC-MAPPO,20260741,10,648,36,18,5.0
35,0.0,780.3984375,199,10911.75,66.3,10700,train_n10_b10_adaptive_gated_contention_actor_100ep_300slot_seed20260741,isac_mappo,adaptive_gated_contention_shared,collision_topology,isac_structured_marl,adaptive_gated_contention_actor,Adaptive gated contention ISAC-MAPPO,20260741,10,648,36,18,5.0
35,0.0,780.3671875,299,10942.88671875,66.2,10800,train_n10_b10_adaptive_gated_contention_actor_100ep_300slot_seed20260741,isac_mappo,adaptive_gated_contention_shared,collision_topology,isac_structured_marl,adaptive_gated_contention_actor,Adaptive gated contention ISAC-MAPPO,20260741,10,648,36,18,5.0
36,0.0,476.16796875,99,11125.84765625,65.6,10900,train_n10_b10_adaptive_gated_contention_actor_100ep_300slot_seed20260741,isac_mappo,adaptive_gated_contention_shared,collision_topology,isac_structured_marl,adaptive_gated_contention_actor,Adaptive gated contention ISAC-MAPPO,20260741,10,648,36,18,5.0
36,0.0,476.17578125,199,11113.88671875,65.7,11000,train_n10_b10_adaptive_gated_contention_actor_100ep_300slot_seed20260741,isac_mappo,adaptive_gated_contention_shared,collision_topology,isac_structured_marl,adaptive_gated_contention_actor,Adaptive gated contention ISAC-MAPPO,20260741,10,648,36,18,5.0
36,0.0,477.59375,299,11075.8203125,65.8,11100,train_n10_b10_adaptive_gated_contention_actor_100ep_300slot_seed20260741,isac_mappo,adaptive_gated_contention_shared,collision_topology,isac_structured_marl,adaptive_gated_contention_actor,Adaptive gated contention ISAC-MAPPO,20260741,10,648,36,18,5.0
37,0.0,778.328125,99,10671.4453125,67.0,11200,train_n10_b10_adaptive_gated_contention_actor_100ep_300slot_seed20260741,isac_mappo,adaptive_gated_contention_shared,collision_topology,isac_structured_marl,adaptive_gated_contention_actor,Adaptive gated contention ISAC-MAPPO,20260741,10,648,36,18,5.0
37,0.0,778.40625,199,10647.84375,67.1,11300,train_n10_b10_adaptive_gated_contention_actor_100ep_300slot_seed20260741,isac_mappo,adaptive_gated_contention_shared,collision_topology,isac_structured_marl,adaptive_gated_contention_actor,Adaptive gated contention ISAC-MAPPO,20260741,10,648,36,18,5.0
37,0.0,778.40625,299,10659.6328125,67.1,11400,train_n10_b10_adaptive_gated_contention_actor_100ep_300slot_seed20260741,isac_mappo,adaptive_gated_contention_shared,collision_topology,isac_structured_marl,adaptive_gated_contention_actor,Adaptive gated contention ISAC-MAPPO,20260741,10,648,36,18,5.0
38,0.0,481.8828125,99,10897.59375,66.4,11500,train_n10_b10_adaptive_gated_contention_actor_100ep_300slot_seed20260741,isac_mappo,adaptive_gated_contention_shared,collision_topology,isac_structured_marl,adaptive_gated_contention_actor,Adaptive gated contention ISAC-MAPPO,20260741,10,648,36,18,5.0
38,0.0,482.015625,199,10857.35546875,66.5,11600,train_n10_b10_adaptive_gated_contention_actor_100ep_300slot_seed20260741,isac_mappo,adaptive_gated_contention_shared,collision_topology,isac_structured_marl,adaptive_gated_contention_actor,Adaptive gated contention ISAC-MAPPO,20260741,10,648,36,18,5.0
38,0.0,485.1953125,299,10851.890625,66.5,11700,train_n10_b10_adaptive_gated_contention_actor_100ep_300slot_seed20260741,isac_mappo,adaptive_gated_contention_shared,collision_topology,isac_structured_marl,adaptive_gated_contention_actor,Adaptive gated contention ISAC-MAPPO,20260741,10,648,36,18,5.0
39,0.0,796.1484375,99,10342.984375,68.1,11800,train_n10_b10_adaptive_gated_contention_actor_100ep_300slot_seed20260741,isac_mappo,adaptive_gated_contention_shared,collision_topology,isac_structured_marl,adaptive_gated_contention_actor,Adaptive gated contention ISAC-MAPPO,20260741,10,648,36,18,5.0
39,0.0,796.1484375,199,10412.19921875,67.8,11900,train_n10_b10_adaptive_gated_contention_actor_100ep_300slot_seed20260741,isac_mappo,adaptive_gated_contention_shared,collision_topology,isac_structured_marl,adaptive_gated_contention_actor,Adaptive gated contention ISAC-MAPPO,20260741,10,648,36,18,5.0
39,0.0,796.1484375,299,10412.671875,67.8,12000,train_n10_b10_adaptive_gated_contention_actor_100ep_300slot_seed20260741,isac_mappo,adaptive_gated_contention_shared,collision_topology,isac_structured_marl,adaptive_gated_contention_actor,Adaptive gated contention ISAC-MAPPO,20260741,10,648,36,18,5.0
40,0.0,780.14453125,99,15520.48828125,52.1,12100,train_n10_b10_adaptive_gated_contention_actor_100ep_300slot_seed20260741,isac_mappo,adaptive_gated_contention_shared,collision_topology,isac_structured_marl,adaptive_gated_contention_actor,Adaptive gated contention ISAC-MAPPO,20260741,10,648,36,18,5.0
40,0.0,780.14453125,199,15576.78515625,51.9,12200,train_n10_b10_adaptive_gated_contention_actor_100ep_300slot_seed20260741,isac_mappo,adaptive_gated_contention_shared,collision_topology,isac_structured_marl,adaptive_gated_contention_actor,Adaptive gated contention ISAC-MAPPO,20260741,10,648,36,18,5.0
40,0.0,780.14453125,299,15510.96484375,52.1,12300,train_n10_b10_adaptive_gated_contention_actor_100ep_300slot_seed20260741,isac_mappo,adaptive_gated_contention_shared,collision_topology,isac_structured_marl,adaptive_gated_contention_actor,Adaptive gated contention ISAC-MAPPO,20260741,10,648,36,18,5.0
41,0.0,786.55078125,99,15494.79296875,52.2,12400,train_n10_b10_adaptive_gated_contention_actor_100ep_300slot_seed20260741,isac_mappo,adaptive_gated_contention_shared,collision_topology,isac_structured_marl,adaptive_gated_contention_actor,Adaptive gated contention ISAC-MAPPO,20260741,10,648,36,18,5.0
41,0.0,786.71875,199,15483.8046875,52.2,12500,train_n10_b10_adaptive_gated_contention_actor_100ep_300slot_seed20260741,isac_mappo,adaptive_gated_contention_shared,collision_topology,isac_structured_marl,adaptive_gated_contention_actor,Adaptive gated contention ISAC-MAPPO,20260741,10,648,36,18,5.0
41,0.0,786.9453125,299,15498.10546875,52.1,12600,train_n10_b10_adaptive_gated_contention_actor_100ep_300slot_seed20260741,isac_mappo,adaptive_gated_contention_shared,collision_topology,isac_structured_marl,adaptive_gated_contention_actor,Adaptive gated contention ISAC-MAPPO,20260741,10,648,36,18,5.0
42,0.0,483.86328125,99,15858.15234375,51.0,12700,train_n10_b10_adaptive_gated_contention_actor_100ep_300slot_seed20260741,isac_mappo,adaptive_gated_contention_shared,collision_topology,isac_structured_marl,adaptive_gated_contention_actor,Adaptive gated contention ISAC-MAPPO,20260741,10,648,36,18,5.0
42,0.0,483.86328125,199,15853.89453125,51.0,12800,train_n10_b10_adaptive_gated_contention_actor_100ep_300slot_seed20260741,isac_mappo,adaptive_gated_contention_shared,collision_topology,isac_structured_marl,adaptive_gated_contention_actor,Adaptive gated contention ISAC-MAPPO,20260741,10,648,36,18,5.0
42,0.0,483.984375,299,15814.12890625,51.2,12900,train_n10_b10_adaptive_gated_contention_actor_100ep_300slot_seed20260741,isac_mappo,adaptive_gated_contention_shared,collision_topology,isac_structured_marl,adaptive_gated_contention_actor,Adaptive gated contention ISAC-MAPPO,20260741,10,648,36,18,5.0
43,0.0,785.9375,99,15433.03515625,52.3,13000,train_n10_b10_adaptive_gated_contention_actor_100ep_300slot_seed20260741,isac_mappo,adaptive_gated_contention_shared,collision_topology,isac_structured_marl,adaptive_gated_contention_actor,Adaptive gated contention ISAC-MAPPO,20260741,10,648,36,18,5.0
43,0.0,786.29296875,199,15419.90234375,52.4,13100,train_n10_b10_adaptive_gated_contention_actor_100ep_300slot_seed20260741,isac_mappo,adaptive_gated_contention_shared,collision_topology,isac_structured_marl,adaptive_gated_contention_actor,Adaptive gated contention ISAC-MAPPO,20260741,10,648,36,18,5.0
43,0.0,786.29296875,299,15465.3671875,52.2,13200,train_n10_b10_adaptive_gated_contention_actor_100ep_300slot_seed20260741,isac_mappo,adaptive_gated_contention_shared,collision_topology,isac_structured_marl,adaptive_gated_contention_actor,Adaptive gated contention ISAC-MAPPO,20260741,10,648,36,18,5.0
44,0.0,783.85546875,99,15510.6015625,52.1,13300,train_n10_b10_adaptive_gated_contention_actor_100ep_300slot_seed20260741,isac_mappo,adaptive_gated_contention_shared,collision_topology,isac_structured_marl,adaptive_gated_contention_actor,Adaptive gated contention ISAC-MAPPO,20260741,10,648,36,18,5.0
44,0.0,783.91796875,199,15488.3203125,52.2,13400,train_n10_b10_adaptive_gated_contention_actor_100ep_300slot_seed20260741,isac_mappo,adaptive_gated_contention_shared,collision_topology,isac_structured_marl,adaptive_gated_contention_actor,Adaptive gated contention ISAC-MAPPO,20260741,10,648,36,18,5.0
44,0.0,784.05078125,299,15542.43359375,52.0,13500,train_n10_b10_adaptive_gated_contention_actor_100ep_300slot_seed20260741,isac_mappo,adaptive_gated_contention_shared,collision_topology,isac_structured_marl,adaptive_gated_contention_actor,Adaptive gated contention ISAC-MAPPO,20260741,10,648,36,18,5.0
45,0.0,789.625,99,15593.953125,51.8,13600,train_n10_b10_adaptive_gated_contention_actor_100ep_300slot_seed20260741,isac_mappo,adaptive_gated_contention_shared,collision_topology,isac_structured_marl,adaptive_gated_contention_actor,Adaptive gated contention ISAC-MAPPO,20260741,10,648,36,18,5.0
45,0.0,789.625,199,15501.70703125,52.1,13700,train_n10_b10_adaptive_gated_contention_actor_100ep_300slot_seed20260741,isac_mappo,adaptive_gated_contention_shared,collision_topology,isac_structured_marl,adaptive_gated_contention_actor,Adaptive gated contention ISAC-MAPPO,20260741,10,648,36,18,5.0
45,0.0,789.25,299,15578.98046875,51.9,13800,train_n10_b10_adaptive_gated_contention_actor_100ep_300slot_seed20260741,isac_mappo,adaptive_gated_contention_shared,collision_topology,isac_structured_marl,adaptive_gated_contention_actor,Adaptive gated contention ISAC-MAPPO,20260741,10,648,36,18,5.0
46,0.0,789.2890625,99,15480.3046875,52.2,13900,train_n10_b10_adaptive_gated_contention_actor_100ep_300slot_seed20260741,isac_mappo,adaptive_gated_contention_shared,collision_topology,isac_structured_marl,adaptive_gated_contention_actor,Adaptive gated contention ISAC-MAPPO,20260741,10,648,36,18,5.0
46,0.0,789.2890625,199,15497.26171875,52.1,14000,train_n10_b10_adaptive_gated_contention_actor_100ep_300slot_seed20260741,isac_mappo,adaptive_gated_contention_shared,collision_topology,isac_structured_marl,adaptive_gated_contention_actor,Adaptive gated contention ISAC-MAPPO,20260741,10,648,36,18,5.0
46,0.0,789.2890625,299,15431.046875,52.4,14100,train_n10_b10_adaptive_gated_contention_actor_100ep_300slot_seed20260741,isac_mappo,adaptive_gated_contention_shared,collision_topology,isac_structured_marl,adaptive_gated_contention_actor,Adaptive gated contention ISAC-MAPPO,20260741,10,648,36,18,5.0
47,0.0,488.22265625,99,15641.69140625,51.7,14200,train_n10_b10_adaptive_gated_contention_actor_100ep_300slot_seed20260741,isac_mappo,adaptive_gated_contention_shared,collision_topology,isac_structured_marl,adaptive_gated_contention_actor,Adaptive gated contention ISAC-MAPPO,20260741,10,648,36,18,5.0
47,0.0,488.48046875,199,15585.5078125,51.9,14300,train_n10_b10_adaptive_gated_contention_actor_100ep_300slot_seed20260741,isac_mappo,adaptive_gated_contention_shared,collision_topology,isac_structured_marl,adaptive_gated_contention_actor,Adaptive gated contention ISAC-MAPPO,20260741,10,648,36,18,5.0
47,0.0,490.2421875,299,15561.98828125,51.9,14400,train_n10_b10_adaptive_gated_contention_actor_100ep_300slot_seed20260741,isac_mappo,adaptive_gated_contention_shared,collision_topology,isac_structured_marl,adaptive_gated_contention_actor,Adaptive gated contention ISAC-MAPPO,20260741,10,648,36,18,5.0
48,0.0,797.765625,99,15269.23046875,52.9,14500,train_n10_b10_adaptive_gated_contention_actor_100ep_300slot_seed20260741,isac_mappo,adaptive_gated_contention_shared,collision_topology,isac_structured_marl,adaptive_gated_contention_actor,Adaptive gated contention ISAC-MAPPO,20260741,10,648,36,18,5.0
48,0.0,797.7421875,199,15263.33203125,52.9,14600,train_n10_b10_adaptive_gated_contention_actor_100ep_300slot_seed20260741,isac_mappo,adaptive_gated_contention_shared,collision_topology,isac_structured_marl,adaptive_gated_contention_actor,Adaptive gated contention ISAC-MAPPO,20260741,10,648,36,18,5.0
48,0.0,797.7421875,299,15223.03125,53.0,14700,train_n10_b10_adaptive_gated_contention_actor_100ep_300slot_seed20260741,isac_mappo,adaptive_gated_contention_shared,collision_topology,isac_structured_marl,adaptive_gated_contention_actor,Adaptive gated contention ISAC-MAPPO,20260741,10,648,36,18,5.0
49,0.0,795.93359375,99,15136.296875,53.3,14800,train_n10_b10_adaptive_gated_contention_actor_100ep_300slot_seed20260741,isac_mappo,adaptive_gated_contention_shared,collision_topology,isac_structured_marl,adaptive_gated_contention_actor,Adaptive gated contention ISAC-MAPPO,20260741,10,648,36,18,5.0
49,0.0,795.93359375,199,15137.0078125,53.3,14900,train_n10_b10_adaptive_gated_contention_actor_100ep_300slot_seed20260741,isac_mappo,adaptive_gated_contention_shared,collision_topology,isac_structured_marl,adaptive_gated_contention_actor,Adaptive gated contention ISAC-MAPPO,20260741,10,648,36,18,5.0
49,0.0,795.5546875,299,15148.2265625,53.2,15000,train_n10_b10_adaptive_gated_contention_actor_100ep_300slot_seed20260741,isac_mappo,adaptive_gated_contention_shared,collision_topology,isac_structured_marl,adaptive_gated_contention_actor,Adaptive gated contention ISAC-MAPPO,20260741,10,648,36,18,5.0
50,0.0,479.73046875,99,15222.8671875,53.0,15100,train_n10_b10_adaptive_gated_contention_actor_100ep_300slot_seed20260741,isac_mappo,adaptive_gated_contention_shared,collision_topology,isac_structured_marl,adaptive_gated_contention_actor,Adaptive gated contention ISAC-MAPPO,20260741,10,648,36,18,5.0
50,0.0,479.734375,199,15270.59765625,52.8,15200,train_n10_b10_adaptive_gated_contention_actor_100ep_300slot_seed20260741,isac_mappo,adaptive_gated_contention_shared,collision_topology,isac_structured_marl,adaptive_gated_contention_actor,Adaptive gated contention ISAC-MAPPO,20260741,10,648,36,18,5.0
50,0.0,480.234375,299,15252.19921875,52.9,15300,train_n10_b10_adaptive_gated_contention_actor_100ep_300slot_seed20260741,isac_mappo,adaptive_gated_contention_shared,collision_topology,isac_structured_marl,adaptive_gated_contention_actor,Adaptive gated contention ISAC-MAPPO,20260741,10,648,36,18,5.0
51,0.0,480.27734375,99,15136.35546875,53.3,15400,train_n10_b10_adaptive_gated_contention_actor_100ep_300slot_seed20260741,isac_mappo,adaptive_gated_contention_shared,collision_topology,isac_structured_marl,adaptive_gated_contention_actor,Adaptive gated contention ISAC-MAPPO,20260741,10,648,36,18,5.0
51,0.0,480.22265625,199,15068.79296875,53.5,15500,train_n10_b10_adaptive_gated_contention_actor_100ep_300slot_seed20260741,isac_mappo,adaptive_gated_contention_shared,collision_topology,isac_structured_marl,adaptive_gated_contention_actor,Adaptive gated contention ISAC-MAPPO,20260741,10,648,36,18,5.0
51,0.0,481.22265625,299,15052.125,53.5,15600,train_n10_b10_adaptive_gated_contention_actor_100ep_300slot_seed20260741,isac_mappo,adaptive_gated_contention_shared,collision_topology,isac_structured_marl,adaptive_gated_contention_actor,Adaptive gated contention ISAC-MAPPO,20260741,10,648,36,18,5.0
52,0.0,796.72265625,99,14696.0859375,54.6,15700,train_n10_b10_adaptive_gated_contention_actor_100ep_300slot_seed20260741,isac_mappo,adaptive_gated_contention_shared,collision_topology,isac_structured_marl,adaptive_gated_contention_actor,Adaptive gated contention ISAC-MAPPO,20260741,10,648,36,18,5.0
52,0.0,796.72265625,199,14752.6796875,54.4,15800,train_n10_b10_adaptive_gated_contention_actor_100ep_300slot_seed20260741,isac_mappo,adaptive_gated_contention_shared,collision_topology,isac_structured_marl,adaptive_gated_contention_actor,Adaptive gated contention ISAC-MAPPO,20260741,10,648,36,18,5.0
52,0.0,796.18359375,299,14731.99609375,54.5,15900,train_n10_b10_adaptive_gated_contention_actor_100ep_300slot_seed20260741,isac_mappo,adaptive_gated_contention_shared,collision_topology,isac_structured_marl,adaptive_gated_contention_actor,Adaptive gated contention ISAC-MAPPO,20260741,10,648,36,18,5.0
53,0.0,815.04296875,99,14573.0078125,55.0,16000,train_n10_b10_adaptive_gated_contention_actor_100ep_300slot_seed20260741,isac_mappo,adaptive_gated_contention_shared,collision_topology,isac_structured_marl,adaptive_gated_contention_actor,Adaptive gated contention ISAC-MAPPO,20260741,10,648,36,18,5.0
53,0.0,815.04296875,199,14604.671875,54.9,16100,train_n10_b10_adaptive_gated_contention_actor_100ep_300slot_seed20260741,isac_mappo,adaptive_gated_contention_shared,collision_topology,isac_structured_marl,adaptive_gated_contention_actor,Adaptive gated contention ISAC-MAPPO,20260741,10,648,36,18,5.0
53,0.0,814.98828125,299,14575.23828125,55.0,16200,train_n10_b10_adaptive_gated_contention_actor_100ep_300slot_seed20260741,isac_mappo,adaptive_gated_contention_shared,collision_topology,isac_structured_marl,adaptive_gated_contention_actor,Adaptive gated contention ISAC-MAPPO,20260741,10,648,36,18,5.0
54,0.0,800.9921875,99,14436.60546875,55.4,16300,train_n10_b10_adaptive_gated_contention_actor_100ep_300slot_seed20260741,isac_mappo,adaptive_gated_contention_shared,collision_topology,isac_structured_marl,adaptive_gated_contention_actor,Adaptive gated contention ISAC-MAPPO,20260741,10,648,36,18,5.0
54,0.0,800.8046875,199,14392.85546875,55.6,16400,train_n10_b10_adaptive_gated_contention_actor_100ep_300slot_seed20260741,isac_mappo,adaptive_gated_contention_shared,collision_topology,isac_structured_marl,adaptive_gated_contention_actor,Adaptive gated contention ISAC-MAPPO,20260741,10,648,36,18,5.0
54,0.0,800.8046875,299,14357.87109375,55.7,16500,train_n10_b10_adaptive_gated_contention_actor_100ep_300slot_seed20260741,isac_mappo,adaptive_gated_contention_shared,collision_topology,isac_structured_marl,adaptive_gated_contention_actor,Adaptive gated contention ISAC-MAPPO,20260741,10,648,36,18,5.0
55,0.0,825.53125,99,14282.5546875,55.9,16600,train_n10_b10_adaptive_gated_contention_actor_100ep_300slot_seed20260741,isac_mappo,adaptive_gated_contention_shared,collision_topology,isac_structured_marl,adaptive_gated_contention_actor,Adaptive gated contention ISAC-MAPPO,20260741,10,648,36,18,5.0
55,0.0,825.484375,199,14282.6015625,55.9,16700,train_n10_b10_adaptive_gated_contention_actor_100ep_300slot_seed20260741,isac_mappo,adaptive_gated_contention_shared,collision_topology,isac_structured_marl,adaptive_gated_contention_actor,Adaptive gated contention ISAC-MAPPO,20260741,10,648,36,18,5.0
55,0.0,825.046875,299,14263.98828125,56.0,16800,train_n10_b10_adaptive_gated_contention_actor_100ep_300slot_seed20260741,isac_mappo,adaptive_gated_contention_shared,collision_topology,isac_structured_marl,adaptive_gated_contention_actor,Adaptive gated contention ISAC-MAPPO,20260741,10,648,36,18,5.0
56,0.0,485.875,99,14384.8828125,55.6,16900,train_n10_b10_adaptive_gated_contention_actor_100ep_300slot_seed20260741,isac_mappo,adaptive_gated_contention_shared,collision_topology,isac_structured_marl,adaptive_gated_contention_actor,Adaptive gated contention ISAC-MAPPO,20260741,10,648,36,18,5.0
56,0.0,485.875,199,14174.27734375,56.2,17000,train_n10_b10_adaptive_gated_contention_actor_100ep_300slot_seed20260741,isac_mappo,adaptive_gated_contention_shared,collision_topology,isac_structured_marl,adaptive_gated_contention_actor,Adaptive gated contention ISAC-MAPPO,20260741,10,648,36,18,5.0
56,0.0,485.83203125,299,13934.51171875,57.0,17100,train_n10_b10_adaptive_gated_contention_actor_100ep_300slot_seed20260741,isac_mappo,adaptive_gated_contention_shared,collision_topology,isac_structured_marl,adaptive_gated_contention_actor,Adaptive gated contention ISAC-MAPPO,20260741,10,648,36,18,5.0
57,0.0,799.89453125,99,14132.9453125,56.4,17200,train_n10_b10_adaptive_gated_contention_actor_100ep_300slot_seed20260741,isac_mappo,adaptive_gated_contention_shared,collision_topology,isac_structured_marl,adaptive_gated_contention_actor,Adaptive gated contention ISAC-MAPPO,20260741,10,648,36,18,5.0
57,0.0,800.05078125,199,14104.9140625,56.4,17300,train_n10_b10_adaptive_gated_contention_actor_100ep_300slot_seed20260741,isac_mappo,adaptive_gated_contention_shared,collision_topology,isac_structured_marl,adaptive_gated_contention_actor,Adaptive gated contention ISAC-MAPPO,20260741,10,648,36,18,5.0
57,0.0,800.05078125,299,14104.34765625,56.4,17400,train_n10_b10_adaptive_gated_contention_actor_100ep_300slot_seed20260741,isac_mappo,adaptive_gated_contention_shared,collision_topology,isac_structured_marl,adaptive_gated_contention_actor,Adaptive gated contention ISAC-MAPPO,20260741,10,648,36,18,5.0
58,0.0,817.234375,99,13951.7421875,56.9,17500,train_n10_b10_adaptive_gated_contention_actor_100ep_300slot_seed20260741,isac_mappo,adaptive_gated_contention_shared,collision_topology,isac_structured_marl,adaptive_gated_contention_actor,Adaptive gated contention ISAC-MAPPO,20260741,10,648,36,18,5.0
58,0.0,817.234375,199,13943.671875,56.9,17600,train_n10_b10_adaptive_gated_contention_actor_100ep_300slot_seed20260741,isac_mappo,adaptive_gated_contention_shared,collision_topology,isac_structured_marl,adaptive_gated_contention_actor,Adaptive gated contention ISAC-MAPPO,20260741,10,648,36,18,5.0
58,0.0,817.0,299,13997.15234375,56.8,17700,train_n10_b10_adaptive_gated_contention_actor_100ep_300slot_seed20260741,isac_mappo,adaptive_gated_contention_shared,collision_topology,isac_structured_marl,adaptive_gated_contention_actor,Adaptive gated contention ISAC-MAPPO,20260741,10,648,36,18,5.0
59,0.0,807.484375,99,13845.578125,57.2,17800,train_n10_b10_adaptive_gated_contention_actor_100ep_300slot_seed20260741,isac_mappo,adaptive_gated_contention_shared,collision_topology,isac_structured_marl,adaptive_gated_contention_actor,Adaptive gated contention ISAC-MAPPO,20260741,10,648,36,18,5.0
59,0.0,807.484375,199,13834.74609375,57.3,17900,train_n10_b10_adaptive_gated_contention_actor_100ep_300slot_seed20260741,isac_mappo,adaptive_gated_contention_shared,collision_topology,isac_structured_marl,adaptive_gated_contention_actor,Adaptive gated contention ISAC-MAPPO,20260741,10,648,36,18,5.0
59,0.0,807.3984375,299,13829.48828125,57.3,18000,train_n10_b10_adaptive_gated_contention_actor_100ep_300slot_seed20260741,isac_mappo,adaptive_gated_contention_shared,collision_topology,isac_structured_marl,adaptive_gated_contention_actor,Adaptive gated contention ISAC-MAPPO,20260741,10,648,36,18,5.0
60,0.0,818.73828125,99,13652.65625,57.8,18100,train_n10_b10_adaptive_gated_contention_actor_100ep_300slot_seed20260741,isac_mappo,adaptive_gated_contention_shared,collision_topology,isac_structured_marl,adaptive_gated_contention_actor,Adaptive gated contention ISAC-MAPPO,20260741,10,648,36,18,5.0
60,0.0,818.76171875,199,13630.08203125,57.9,18200,train_n10_b10_adaptive_gated_contention_actor_100ep_300slot_seed20260741,isac_mappo,adaptive_gated_contention_shared,collision_topology,isac_structured_marl,adaptive_gated_contention_actor,Adaptive gated contention ISAC-MAPPO,20260741,10,648,36,18,5.0
60,0.0,818.76171875,299,13628.96484375,57.9,18300,train_n10_b10_adaptive_gated_contention_actor_100ep_300slot_seed20260741,isac_mappo,adaptive_gated_contention_shared,collision_topology,isac_structured_marl,adaptive_gated_contention_actor,Adaptive gated contention ISAC-MAPPO,20260741,10,648,36,18,5.0
61,0.0,812.3515625,99,13567.40625,58.1,18400,train_n10_b10_adaptive_gated_contention_actor_100ep_300slot_seed20260741,isac_mappo,adaptive_gated_contention_shared,collision_topology,isac_structured_marl,adaptive_gated_contention_actor,Adaptive gated contention ISAC-MAPPO,20260741,10,648,36,18,5.0
61,0.0,812.390625,199,13520.39453125,58.3,18500,train_n10_b10_adaptive_gated_contention_actor_100ep_300slot_seed20260741,isac_mappo,adaptive_gated_contention_shared,collision_topology,isac_structured_marl,adaptive_gated_contention_actor,Adaptive gated contention ISAC-MAPPO,20260741,10,648,36,18,5.0
61,0.0,812.59765625,299,13497.953125,58.3,18600,train_n10_b10_adaptive_gated_contention_actor_100ep_300slot_seed20260741,isac_mappo,adaptive_gated_contention_shared,collision_topology,isac_structured_marl,adaptive_gated_contention_actor,Adaptive gated contention ISAC-MAPPO,20260741,10,648,36,18,5.0
62,0.0,494.16015625,99,13794.91015625,57.4,18700,train_n10_b10_adaptive_gated_contention_actor_100ep_300slot_seed20260741,isac_mappo,adaptive_gated_contention_shared,collision_topology,isac_structured_marl,adaptive_gated_contention_actor,Adaptive gated contention ISAC-MAPPO,20260741,10,648,36,18,5.0
62,0.0,496.046875,199,13756.73046875,57.5,18800,train_n10_b10_adaptive_gated_contention_actor_100ep_300slot_seed20260741,isac_mappo,adaptive_gated_contention_shared,collision_topology,isac_structured_marl,adaptive_gated_contention_actor,Adaptive gated contention ISAC-MAPPO,20260741,10,648,36,18,5.0
62,0.0,496.765625,299,13763.59375,57.5,18900,train_n10_b10_adaptive_gated_contention_actor_100ep_300slot_seed20260741,isac_mappo,adaptive_gated_contention_shared,collision_topology,isac_structured_marl,adaptive_gated_contention_actor,Adaptive gated contention ISAC-MAPPO,20260741,10,648,36,18,5.0
63,0.0,813.0859375,99,13373.3046875,58.7,19000,train_n10_b10_adaptive_gated_contention_actor_100ep_300slot_seed20260741,isac_mappo,adaptive_gated_contention_shared,collision_topology,isac_structured_marl,adaptive_gated_contention_actor,Adaptive gated contention ISAC-MAPPO,20260741,10,648,36,18,5.0
63,0.0,813.0859375,199,13348.73046875,58.8,19100,train_n10_b10_adaptive_gated_contention_actor_100ep_300slot_seed20260741,isac_mappo,adaptive_gated_contention_shared,collision_topology,isac_structured_marl,adaptive_gated_contention_actor,Adaptive gated contention ISAC-MAPPO,20260741,10,648,36,18,5.0
63,0.0,813.0859375,299,13311.72265625,58.9,19200,train_n10_b10_adaptive_gated_contention_actor_100ep_300slot_seed20260741,isac_mappo,adaptive_gated_contention_shared,collision_topology,isac_structured_marl,adaptive_gated_contention_actor,Adaptive gated contention ISAC-MAPPO,20260741,10,648,36,18,5.0
64,0.0,813.8984375,99,13146.41015625,59.4,19300,train_n10_b10_adaptive_gated_contention_actor_100ep_300slot_seed20260741,isac_mappo,adaptive_gated_contention_shared,collision_topology,isac_structured_marl,adaptive_gated_contention_actor,Adaptive gated contention ISAC-MAPPO,20260741,10,648,36,18,5.0
64,0.0,813.8359375,199,13165.6875,59.3,19400,train_n10_b10_adaptive_gated_contention_actor_100ep_300slot_seed20260741,isac_mappo,adaptive_gated_contention_shared,collision_topology,isac_structured_marl,adaptive_gated_contention_actor,Adaptive gated contention ISAC-MAPPO,20260741,10,648,36,18,5.0
64,0.0,813.8359375,299,13187.8671875,59.3,19500,train_n10_b10_adaptive_gated_contention_actor_100ep_300slot_seed20260741,isac_mappo,adaptive_gated_contention_shared,collision_topology,isac_structured_marl,adaptive_gated_contention_actor,Adaptive gated contention ISAC-MAPPO,20260741,10,648,36,18,5.0
65,0.0,490.0390625,99,13354.25390625,58.8,19600,train_n10_b10_adaptive_gated_contention_actor_100ep_300slot_seed20260741,isac_mappo,adaptive_gated_contention_shared,collision_topology,isac_structured_marl,adaptive_gated_contention_actor,Adaptive gated contention ISAC-MAPPO,20260741,10,648,36,18,5.0
65,0.0,490.1015625,199,13380.00390625,58.7,19700,train_n10_b10_adaptive_gated_contention_actor_100ep_300slot_seed20260741,isac_mappo,adaptive_gated_contention_shared,collision_topology,isac_structured_marl,adaptive_gated_contention_actor,Adaptive gated contention ISAC-MAPPO,20260741,10,648,36,18,5.0
65,0.0,491.3515625,299,13425.41015625,58.5,19800,train_n10_b10_adaptive_gated_contention_actor_100ep_300slot_seed20260741,isac_mappo,adaptive_gated_contention_shared,collision_topology,isac_structured_marl,adaptive_gated_contention_actor,Adaptive gated contention ISAC-MAPPO,20260741,10,648,36,18,5.0
66,0.0,817.0859375,99,12800.8359375,60.5,19900,train_n10_b10_adaptive_gated_contention_actor_100ep_300slot_seed20260741,isac_mappo,adaptive_gated_contention_shared,collision_topology,isac_structured_marl,adaptive_gated_contention_actor,Adaptive gated contention ISAC-MAPPO,20260741,10,648,36,18,5.0
66,0.0,817.0859375,199,12795.1796875,60.5,20000,train_n10_b10_adaptive_gated_contention_actor_100ep_300slot_seed20260741,isac_mappo,adaptive_gated_contention_shared,collision_topology,isac_structured_marl,adaptive_gated_contention_actor,Adaptive gated contention ISAC-MAPPO,20260741,10,648,36,18,5.0
66,0.0,816.984375,299,12809.02734375,60.4,20100,train_n10_b10_adaptive_gated_contention_actor_100ep_300slot_seed20260741,isac_mappo,adaptive_gated_contention_shared,collision_topology,isac_structured_marl,adaptive_gated_contention_actor,Adaptive gated contention ISAC-MAPPO,20260741,10,648,36,18,5.0
67,0.0,811.84765625,99,12721.546875,60.7,20200,train_n10_b10_adaptive_gated_contention_actor_100ep_300slot_seed20260741,isac_mappo,adaptive_gated_contention_shared,collision_topology,isac_structured_marl,adaptive_gated_contention_actor,Adaptive gated contention ISAC-MAPPO,20260741,10,648,36,18,5.0
67,0.0,811.84765625,199,12706.4453125,60.8,20300,train_n10_b10_adaptive_gated_contention_actor_100ep_300slot_seed20260741,isac_mappo,adaptive_gated_contention_shared,collision_topology,isac_structured_marl,adaptive_gated_contention_actor,Adaptive gated contention ISAC-MAPPO,20260741,10,648,36,18,5.0
67,0.0,811.84765625,299,12712.17578125,60.7,20400,train_n10_b10_adaptive_gated_contention_actor_100ep_300slot_seed20260741,isac_mappo,adaptive_gated_contention_shared,collision_topology,isac_structured_marl,adaptive_gated_contention_actor,Adaptive gated contention ISAC-MAPPO,20260741,10,648,36,18,5.0
68,0.0,822.91015625,99,12678.37109375,60.9,20500,train_n10_b10_adaptive_gated_contention_actor_100ep_300slot_seed20260741,isac_mappo,adaptive_gated_contention_shared,collision_topology,isac_structured_marl,adaptive_gated_contention_actor,Adaptive gated contention ISAC-MAPPO,20260741,10,648,36,18,5.0
68,0.0,822.91015625,199,12636.359375,61.0,20600,train_n10_b10_adaptive_gated_contention_actor_100ep_300slot_seed20260741,isac_mappo,adaptive_gated_contention_shared,collision_topology,isac_structured_marl,adaptive_gated_contention_actor,Adaptive gated contention ISAC-MAPPO,20260741,10,648,36,18,5.0
68,0.0,822.91015625,299,12663.08203125,60.9,20700,train_n10_b10_adaptive_gated_contention_actor_100ep_300slot_seed20260741,isac_mappo,adaptive_gated_contention_shared,collision_topology,isac_structured_marl,adaptive_gated_contention_actor,Adaptive gated contention ISAC-MAPPO,20260741,10,648,36,18,5.0
69,0.0,823.97265625,99,12557.5859375,61.2,20800,train_n10_b10_adaptive_gated_contention_actor_100ep_300slot_seed20260741,isac_mappo,adaptive_gated_contention_shared,collision_topology,isac_structured_marl,adaptive_gated_contention_actor,Adaptive gated contention ISAC-MAPPO,20260741,10,648,36,18,5.0
69,0.0,823.98046875,199,12541.73046875,61.3,20900,train_n10_b10_adaptive_gated_contention_actor_100ep_300slot_seed20260741,isac_mappo,adaptive_gated_contention_shared,collision_topology,isac_structured_marl,adaptive_gated_contention_actor,Adaptive gated contention ISAC-MAPPO,20260741,10,648,36,18,5.0
69,0.0,824.0,299,12523.55859375,61.3,21000,train_n10_b10_adaptive_gated_contention_actor_100ep_300slot_seed20260741,isac_mappo,adaptive_gated_contention_shared,collision_topology,isac_structured_marl,adaptive_gated_contention_actor,Adaptive gated contention ISAC-MAPPO,20260741,10,648,36,18,5.0
70,0.0,492.796875,99,12729.765625,60.7,21100,train_n10_b10_adaptive_gated_contention_actor_100ep_300slot_seed20260741,isac_mappo,adaptive_gated_contention_shared,collision_topology,isac_structured_marl,adaptive_gated_contention_actor,Adaptive gated contention ISAC-MAPPO,20260741,10,648,36,18,5.0
70,0.0,492.796875,199,12694.9453125,60.8,21200,train_n10_b10_adaptive_gated_contention_actor_100ep_300slot_seed20260741,isac_mappo,adaptive_gated_contention_shared,collision_topology,isac_structured_marl,adaptive_gated_contention_actor,Adaptive gated contention ISAC-MAPPO,20260741,10,648,36,18,5.0
70,0.0,493.296875,299,12654.39453125,60.9,21300,train_n10_b10_adaptive_gated_contention_actor_100ep_300slot_seed20260741,isac_mappo,adaptive_gated_contention_shared,collision_topology,isac_structured_marl,adaptive_gated_contention_actor,Adaptive gated contention ISAC-MAPPO,20260741,10,648,36,18,5.0
71,0.0,497.578125,99,12615.50390625,61.0,21400,train_n10_b10_adaptive_gated_contention_actor_100ep_300slot_seed20260741,isac_mappo,adaptive_gated_contention_shared,collision_topology,isac_structured_marl,adaptive_gated_contention_actor,Adaptive gated contention ISAC-MAPPO,20260741,10,648,36,18,5.0
71,0.0,497.1875,199,12547.203125,61.3,21500,train_n10_b10_adaptive_gated_contention_actor_100ep_300slot_seed20260741,isac_mappo,adaptive_gated_contention_shared,collision_topology,isac_structured_marl,adaptive_gated_contention_actor,Adaptive gated contention ISAC-MAPPO,20260741,10,648,36,18,5.0
71,0.0,497.1875,299,12552.921875,61.2,21600,train_n10_b10_adaptive_gated_contention_actor_100ep_300slot_seed20260741,isac_mappo,adaptive_gated_contention_shared,collision_topology,isac_structured_marl,adaptive_gated_contention_actor,Adaptive gated contention ISAC-MAPPO,20260741,10,648,36,18,5.0
72,0.0,800.46875,99,12191.0390625,62.4,21700,train_n10_b10_adaptive_gated_contention_actor_100ep_300slot_seed20260741,isac_mappo,adaptive_gated_contention_shared,collision_topology,isac_structured_marl,adaptive_gated_contention_actor,Adaptive gated contention ISAC-MAPPO,20260741,10,648,36,18,5.0
72,0.0,800.58203125,199,12242.76171875,62.2,21800,train_n10_b10_adaptive_gated_contention_actor_100ep_300slot_seed20260741,isac_mappo,adaptive_gated_contention_shared,collision_topology,isac_structured_marl,adaptive_gated_contention_actor,Adaptive gated contention ISAC-MAPPO,20260741,10,648,36,18,5.0
72,0.0,800.59375,299,12226.37890625,62.2,21900,train_n10_b10_adaptive_gated_contention_actor_100ep_300slot_seed20260741,isac_mappo,adaptive_gated_contention_shared,collision_topology,isac_structured_marl,adaptive_gated_contention_actor,Adaptive gated contention ISAC-MAPPO,20260741,10,648,36,18,5.0
73,0.0,818.0390625,99,11993.71875,63.0,22000,train_n10_b10_adaptive_gated_contention_actor_100ep_300slot_seed20260741,isac_mappo,adaptive_gated_contention_shared,collision_topology,isac_structured_marl,adaptive_gated_contention_actor,Adaptive gated contention ISAC-MAPPO,20260741,10,648,36,18,5.0
73,0.0,818.86328125,199,11943.85546875,63.1,22100,train_n10_b10_adaptive_gated_contention_actor_100ep_300slot_seed20260741,isac_mappo,adaptive_gated_contention_shared,collision_topology,isac_structured_marl,adaptive_gated_contention_actor,Adaptive gated contention ISAC-MAPPO,20260741,10,648,36,18,5.0
73,0.0,818.74609375,299,11979.03125,63.0,22200,train_n10_b10_adaptive_gated_contention_actor_100ep_300slot_seed20260741,isac_mappo,adaptive_gated_contention_shared,collision_topology,isac_structured_marl,adaptive_gated_contention_actor,Adaptive gated contention ISAC-MAPPO,20260741,10,648,36,18,5.0
74,0.0,820.74609375,99,11944.2109375,63.1,22300,train_n10_b10_adaptive_gated_contention_actor_100ep_300slot_seed20260741,isac_mappo,adaptive_gated_contention_shared,collision_topology,isac_structured_marl,adaptive_gated_contention_actor,Adaptive gated contention ISAC-MAPPO,20260741,10,648,36,18,5.0
74,0.0,820.75390625,199,11891.890625,63.3,22400,train_n10_b10_adaptive_gated_contention_actor_100ep_300slot_seed20260741,isac_mappo,adaptive_gated_contention_shared,collision_topology,isac_structured_marl,adaptive_gated_contention_actor,Adaptive gated contention ISAC-MAPPO,20260741,10,648,36,18,5.0
74,0.0,820.3828125,299,11872.17578125,63.3,22500,train_n10_b10_adaptive_gated_contention_actor_100ep_300slot_seed20260741,isac_mappo,adaptive_gated_contention_shared,collision_topology,isac_structured_marl,adaptive_gated_contention_actor,Adaptive gated contention ISAC-MAPPO,20260741,10,648,36,18,5.0
75,0.0,825.12890625,99,11819.765625,63.5,22600,train_n10_b10_adaptive_gated_contention_actor_100ep_300slot_seed20260741,isac_mappo,adaptive_gated_contention_shared,collision_topology,isac_structured_marl,adaptive_gated_contention_actor,Adaptive gated contention ISAC-MAPPO,20260741,10,648,36,18,5.0
75,0.0,825.19140625,199,11817.8515625,63.5,22700,train_n10_b10_adaptive_gated_contention_actor_100ep_300slot_seed20260741,isac_mappo,adaptive_gated_contention_shared,collision_topology,isac_structured_marl,adaptive_gated_contention_actor,Adaptive gated contention ISAC-MAPPO,20260741,10,648,36,18,5.0
75,0.0,825.19140625,299,11816.40625,63.5,22800,train_n10_b10_adaptive_gated_contention_actor_100ep_300slot_seed20260741,isac_mappo,adaptive_gated_contention_shared,collision_topology,isac_structured_marl,adaptive_gated_contention_actor,Adaptive gated contention ISAC-MAPPO,20260741,10,648,36,18,5.0
76,0.0,504.25390625,99,12027.12109375,62.9,22900,train_n10_b10_adaptive_gated_contention_actor_100ep_300slot_seed20260741,isac_mappo,adaptive_gated_contention_shared,collision_topology,isac_structured_marl,adaptive_gated_contention_actor,Adaptive gated contention ISAC-MAPPO,20260741,10,648,36,18,5.0
76,0.0,504.26171875,199,12013.703125,62.9,23000,train_n10_b10_adaptive_gated_contention_actor_100ep_300slot_seed20260741,isac_mappo,adaptive_gated_contention_shared,collision_topology,isac_structured_marl,adaptive_gated_contention_actor,Adaptive gated contention ISAC-MAPPO,20260741,10,648,36,18,5.0
76,0.0,504.44140625,299,12045.8515625,62.8,23100,train_n10_b10_adaptive_gated_contention_actor_100ep_300slot_seed20260741,isac_mappo,adaptive_gated_contention_shared,collision_topology,isac_structured_marl,adaptive_gated_contention_actor,Adaptive gated contention ISAC-MAPPO,20260741,10,648,36,18,5.0
77,0.0,818.16015625,99,11628.46875,64.1,23200,train_n10_b10_adaptive_gated_contention_actor_100ep_300slot_seed20260741,isac_mappo,adaptive_gated_contention_shared,collision_topology,isac_structured_marl,adaptive_gated_contention_actor,Adaptive gated contention ISAC-MAPPO,20260741,10,648,36,18,5.0
77,0.0,818.16015625,199,11619.38671875,64.1,23300,train_n10_b10_adaptive_gated_contention_actor_100ep_300slot_seed20260741,isac_mappo,adaptive_gated_contention_shared,collision_topology,isac_structured_marl,adaptive_gated_contention_actor,Adaptive gated contention ISAC-MAPPO,20260741,10,648,36,18,5.0
77,0.0,818.11328125,299,11585.71484375,64.2,23400,train_n10_b10_adaptive_gated_contention_actor_100ep_300slot_seed20260741,isac_mappo,adaptive_gated_contention_shared,collision_topology,isac_structured_marl,adaptive_gated_contention_actor,Adaptive gated contention ISAC-MAPPO,20260741,10,648,36,18,5.0
78,0.0,821.99609375,99,11601.26171875,64.2,23500,train_n10_b10_adaptive_gated_contention_actor_100ep_300slot_seed20260741,isac_mappo,adaptive_gated_contention_shared,collision_topology,isac_structured_marl,adaptive_gated_contention_actor,Adaptive gated contention ISAC-MAPPO,20260741,10,648,36,18,5.0
78,0.0,821.5703125,199,11576.703125,64.3,23600,train_n10_b10_adaptive_gated_contention_actor_100ep_300slot_seed20260741,isac_mappo,adaptive_gated_contention_shared,collision_topology,isac_structured_marl,adaptive_gated_contention_actor,Adaptive gated contention ISAC-MAPPO,20260741,10,648,36,18,5.0
78,0.0,821.5703125,299,11585.05078125,64.2,23700,train_n10_b10_adaptive_gated_contention_actor_100ep_300slot_seed20260741,isac_mappo,adaptive_gated_contention_shared,collision_topology,isac_structured_marl,adaptive_gated_contention_actor,Adaptive gated contention ISAC-MAPPO,20260741,10,648,36,18,5.0
79,0.0,496.5390625,99,11766.8203125,63.7,23800,train_n10_b10_adaptive_gated_contention_actor_100ep_300slot_seed20260741,isac_mappo,adaptive_gated_contention_shared,collision_topology,isac_structured_marl,adaptive_gated_contention_actor,Adaptive gated contention ISAC-MAPPO,20260741,10,648,36,18,5.0
79,0.0,496.5390625,199,11748.5390625,63.7,23900,train_n10_b10_adaptive_gated_contention_actor_100ep_300slot_seed20260741,isac_mappo,adaptive_gated_contention_shared,collision_topology,isac_structured_marl,adaptive_gated_contention_actor,Adaptive gated contention ISAC-MAPPO,20260741,10,648,36,18,5.0
79,0.0,496.5390625,299,11715.33203125,63.8,24000,train_n10_b10_adaptive_gated_contention_actor_100ep_300slot_seed20260741,isac_mappo,adaptive_gated_contention_shared,collision_topology,isac_structured_marl,adaptive_gated_contention_actor,Adaptive gated contention ISAC-MAPPO,20260741,10,648,36,18,5.0
80,0.0,820.5546875,99,11155.5390625,65.6,24100,train_n10_b10_adaptive_gated_contention_actor_100ep_300slot_seed20260741,isac_mappo,adaptive_gated_contention_shared,collision_topology,isac_structured_marl,adaptive_gated_contention_actor,Adaptive gated contention ISAC-MAPPO,20260741,10,648,36,18,5.0
80,0.0,820.5546875,199,11104.71875,65.7,24200,train_n10_b10_adaptive_gated_contention_actor_100ep_300slot_seed20260741,isac_mappo,adaptive_gated_contention_shared,collision_topology,isac_structured_marl,adaptive_gated_contention_actor,Adaptive gated contention ISAC-MAPPO,20260741,10,648,36,18,5.0
80,0.0,820.5546875,299,11079.86328125,65.8,24300,train_n10_b10_adaptive_gated_contention_actor_100ep_300slot_seed20260741,isac_mappo,adaptive_gated_contention_shared,collision_topology,isac_structured_marl,adaptive_gated_contention_actor,Adaptive gated contention ISAC-MAPPO,20260741,10,648,36,18,5.0
81,0.0,836.5078125,99,11039.87109375,65.9,24400,train_n10_b10_adaptive_gated_contention_actor_100ep_300slot_seed20260741,isac_mappo,adaptive_gated_contention_shared,collision_topology,isac_structured_marl,adaptive_gated_contention_actor,Adaptive gated contention ISAC-MAPPO,20260741,10,648,36,18,5.0
81,0.0,836.5078125,199,11003.625,66.0,24500,train_n10_b10_adaptive_gated_contention_actor_100ep_300slot_seed20260741,isac_mappo,adaptive_gated_contention_shared,collision_topology,isac_structured_marl,adaptive_gated_contention_actor,Adaptive gated contention ISAC-MAPPO,20260741,10,648,36,18,5.0
81,0.0,835.9765625,299,11016.34765625,66.0,24600,train_n10_b10_adaptive_gated_contention_actor_100ep_300slot_seed20260741,isac_mappo,adaptive_gated_contention_shared,collision_topology,isac_structured_marl,adaptive_gated_contention_actor,Adaptive gated contention ISAC-MAPPO,20260741,10,648,36,18,5.0
82,0.0,823.34375,99,10930.64453125,66.2,24700,train_n10_b10_adaptive_gated_contention_actor_100ep_300slot_seed20260741,isac_mappo,adaptive_gated_contention_shared,collision_topology,isac_structured_marl,adaptive_gated_contention_actor,Adaptive gated contention ISAC-MAPPO,20260741,10,648,36,18,5.0
82,0.0,823.34375,199,10950.26171875,66.2,24800,train_n10_b10_adaptive_gated_contention_actor_100ep_300slot_seed20260741,isac_mappo,adaptive_gated_contention_shared,collision_topology,isac_structured_marl,adaptive_gated_contention_actor,Adaptive gated contention ISAC-MAPPO,20260741,10,648,36,18,5.0
82,0.0,823.34375,299,10866.88671875,66.4,24900,train_n10_b10_adaptive_gated_contention_actor_100ep_300slot_seed20260741,isac_mappo,adaptive_gated_contention_shared,collision_topology,isac_structured_marl,adaptive_gated_contention_actor,Adaptive gated contention ISAC-MAPPO,20260741,10,648,36,18,5.0
83,0.0,823.60546875,99,10867.03515625,66.4,25000,train_n10_b10_adaptive_gated_contention_actor_100ep_300slot_seed20260741,isac_mappo,adaptive_gated_contention_shared,collision_topology,isac_structured_marl,adaptive_gated_contention_actor,Adaptive gated contention ISAC-MAPPO,20260741,10,648,36,18,5.0
83,0.0,823.80859375,199,10824.77734375,66.6,25100,train_n10_b10_adaptive_gated_contention_actor_100ep_300slot_seed20260741,isac_mappo,adaptive_gated_contention_shared,collision_topology,isac_structured_marl,adaptive_gated_contention_actor,Adaptive gated contention ISAC-MAPPO,20260741,10,648,36,18,5.0
83,0.0,823.85546875,299,10809.6640625,66.6,25200,train_n10_b10_adaptive_gated_contention_actor_100ep_300slot_seed20260741,isac_mappo,adaptive_gated_contention_shared,collision_topology,isac_structured_marl,adaptive_gated_contention_actor,Adaptive gated contention ISAC-MAPPO,20260741,10,648,36,18,5.0
84,0.0,840.62890625,99,10717.43359375,66.9,25300,train_n10_b10_adaptive_gated_contention_actor_100ep_300slot_seed20260741,isac_mappo,adaptive_gated_contention_shared,collision_topology,isac_structured_marl,adaptive_gated_contention_actor,Adaptive gated contention ISAC-MAPPO,20260741,10,648,36,18,5.0
84,0.0,840.62890625,199,10744.01953125,66.8,25400,train_n10_b10_adaptive_gated_contention_actor_100ep_300slot_seed20260741,isac_mappo,adaptive_gated_contention_shared,collision_topology,isac_structured_marl,adaptive_gated_contention_actor,Adaptive gated contention ISAC-MAPPO,20260741,10,648,36,18,5.0
84,0.0,840.99609375,299,10711.75390625,66.9,25500,train_n10_b10_adaptive_gated_contention_actor_100ep_300slot_seed20260741,isac_mappo,adaptive_gated_contention_shared,collision_topology,isac_structured_marl,adaptive_gated_contention_actor,Adaptive gated contention ISAC-MAPPO,20260741,10,648,36,18,5.0
85,0.0,497.14453125,99,10950.765625,66.2,25600,train_n10_b10_adaptive_gated_contention_actor_100ep_300slot_seed20260741,isac_mappo,adaptive_gated_contention_shared,collision_topology,isac_structured_marl,adaptive_gated_contention_actor,Adaptive gated contention ISAC-MAPPO,20260741,10,648,36,18,5.0
85,0.0,500.58203125,199,10921.8046875,66.3,25700,train_n10_b10_adaptive_gated_contention_actor_100ep_300slot_seed20260741,isac_mappo,adaptive_gated_contention_shared,collision_topology,isac_structured_marl,adaptive_gated_contention_actor,Adaptive gated contention ISAC-MAPPO,20260741,10,648,36,18,5.0
85,0.0,500.48046875,299,10911.4375,66.3,25800,train_n10_b10_adaptive_gated_contention_actor_100ep_300slot_seed20260741,isac_mappo,adaptive_gated_contention_shared,collision_topology,isac_structured_marl,adaptive_gated_contention_actor,Adaptive gated contention ISAC-MAPPO,20260741,10,648,36,18,5.0
86,0.0,847.63671875,99,10556.4375,67.4,25900,train_n10_b10_adaptive_gated_contention_actor_100ep_300slot_seed20260741,isac_mappo,adaptive_gated_contention_shared,collision_topology,isac_structured_marl,adaptive_gated_contention_actor,Adaptive gated contention ISAC-MAPPO,20260741,10,648,36,18,5.0
86,0.0,847.6484375,199,10594.3203125,67.3,26000,train_n10_b10_adaptive_gated_contention_actor_100ep_300slot_seed20260741,isac_mappo,adaptive_gated_contention_shared,collision_topology,isac_structured_marl,adaptive_gated_contention_actor,Adaptive gated contention ISAC-MAPPO,20260741,10,648,36,18,5.0
86,0.0,847.6484375,299,10565.3046875,67.4,26100,train_n10_b10_adaptive_gated_contention_actor_100ep_300slot_seed20260741,isac_mappo,adaptive_gated_contention_shared,collision_topology,isac_structured_marl,adaptive_gated_contention_actor,Adaptive gated contention ISAC-MAPPO,20260741,10,648,36,18,5.0
87,0.0,833.5078125,99,10356.16015625,68.0,26200,train_n10_b10_adaptive_gated_contention_actor_100ep_300slot_seed20260741,isac_mappo,adaptive_gated_contention_shared,collision_topology,isac_structured_marl,adaptive_gated_contention_actor,Adaptive gated contention ISAC-MAPPO,20260741,10,648,36,18,5.0
87,0.0,834.0390625,199,10337.34765625,68.1,26300,train_n10_b10_adaptive_gated_contention_actor_100ep_300slot_seed20260741,isac_mappo,adaptive_gated_contention_shared,collision_topology,isac_structured_marl,adaptive_gated_contention_actor,Adaptive gated contention ISAC-MAPPO,20260741,10,648,36,18,5.0
87,0.0,833.5078125,299,10363.21484375,68.0,26400,train_n10_b10_adaptive_gated_contention_actor_100ep_300slot_seed20260741,isac_mappo,adaptive_gated_contention_shared,collision_topology,isac_structured_marl,adaptive_gated_contention_actor,Adaptive gated contention ISAC-MAPPO,20260741,10,648,36,18,5.0
88,0.0,507.08203125,99,10573.40625,67.4,26500,train_n10_b10_adaptive_gated_contention_actor_100ep_300slot_seed20260741,isac_mappo,adaptive_gated_contention_shared,collision_topology,isac_structured_marl,adaptive_gated_contention_actor,Adaptive gated contention ISAC-MAPPO,20260741,10,648,36,18,5.0
88,0.0,507.09375,199,10585.359375,67.3,26600,train_n10_b10_adaptive_gated_contention_actor_100ep_300slot_seed20260741,isac_mappo,adaptive_gated_contention_shared,collision_topology,isac_structured_marl,adaptive_gated_contention_actor,Adaptive gated contention ISAC-MAPPO,20260741,10,648,36,18,5.0
88,0.0,507.19140625,299,10625.890625,67.2,26700,train_n10_b10_adaptive_gated_contention_actor_100ep_300slot_seed20260741,isac_mappo,adaptive_gated_contention_shared,collision_topology,isac_structured_marl,adaptive_gated_contention_actor,Adaptive gated contention ISAC-MAPPO,20260741,10,648,36,18,5.0
89,0.0,845.5546875,99,9629.46484375,70.3,26800,train_n10_b10_adaptive_gated_contention_actor_100ep_300slot_seed20260741,isac_mappo,adaptive_gated_contention_shared,collision_topology,isac_structured_marl,adaptive_gated_contention_actor,Adaptive gated contention ISAC-MAPPO,20260741,10,648,36,18,5.0
89,0.0,845.5,199,9598.31640625,70.4,26900,train_n10_b10_adaptive_gated_contention_actor_100ep_300slot_seed20260741,isac_mappo,adaptive_gated_contention_shared,collision_topology,isac_structured_marl,adaptive_gated_contention_actor,Adaptive gated contention ISAC-MAPPO,20260741,10,648,36,18,5.0
89,0.0,845.68359375,299,9609.2890625,70.3,27000,train_n10_b10_adaptive_gated_contention_actor_100ep_300slot_seed20260741,isac_mappo,adaptive_gated_contention_shared,collision_topology,isac_structured_marl,adaptive_gated_contention_actor,Adaptive gated contention ISAC-MAPPO,20260741,10,648,36,18,5.0
90,0.0,836.1640625,99,10018.5859375,69.1,27100,train_n10_b10_adaptive_gated_contention_actor_100ep_300slot_seed20260741,isac_mappo,adaptive_gated_contention_shared,collision_topology,isac_structured_marl,adaptive_gated_contention_actor,Adaptive gated contention ISAC-MAPPO,20260741,10,648,36,18,5.0
90,0.0,836.1640625,199,9979.46484375,69.2,27200,train_n10_b10_adaptive_gated_contention_actor_100ep_300slot_seed20260741,isac_mappo,adaptive_gated_contention_shared,collision_topology,isac_structured_marl,adaptive_gated_contention_actor,Adaptive gated contention ISAC-MAPPO,20260741,10,648,36,18,5.0
90,0.0,836.16796875,299,9974.37109375,69.2,27300,train_n10_b10_adaptive_gated_contention_actor_100ep_300slot_seed20260741,isac_mappo,adaptive_gated_contention_shared,collision_topology,isac_structured_marl,adaptive_gated_contention_actor,Adaptive gated contention ISAC-MAPPO,20260741,10,648,36,18,5.0
91,0.0,833.00390625,99,9936.47265625,69.3,27400,train_n10_b10_adaptive_gated_contention_actor_100ep_300slot_seed20260741,isac_mappo,adaptive_gated_contention_shared,collision_topology,isac_structured_marl,adaptive_gated_contention_actor,Adaptive gated contention ISAC-MAPPO,20260741,10,648,36,18,5.0
91,0.0,832.94921875,199,9953.609375,69.3,27500,train_n10_b10_adaptive_gated_contention_actor_100ep_300slot_seed20260741,isac_mappo,adaptive_gated_contention_shared,collision_topology,isac_structured_marl,adaptive_gated_contention_actor,Adaptive gated contention ISAC-MAPPO,20260741,10,648,36,18,5.0
91,0.0,832.94921875,299,9909.453125,69.4,27600,train_n10_b10_adaptive_gated_contention_actor_100ep_300slot_seed20260741,isac_mappo,adaptive_gated_contention_shared,collision_topology,isac_structured_marl,adaptive_gated_contention_actor,Adaptive gated contention ISAC-MAPPO,20260741,10,648,36,18,5.0
92,0.0,833.140625,99,9766.94140625,69.8,27700,train_n10_b10_adaptive_gated_contention_actor_100ep_300slot_seed20260741,isac_mappo,adaptive_gated_contention_shared,collision_topology,isac_structured_marl,adaptive_gated_contention_actor,Adaptive gated contention ISAC-MAPPO,20260741,10,648,36,18,5.0
92,0.0,833.05859375,199,9808.6484375,69.7,27800,train_n10_b10_adaptive_gated_contention_actor_100ep_300slot_seed20260741,isac_mappo,adaptive_gated_contention_shared,collision_topology,isac_structured_marl,adaptive_gated_contention_actor,Adaptive gated contention ISAC-MAPPO,20260741,10,648,36,18,5.0
92,0.0,833.05859375,299,9808.4765625,69.7,27900,train_n10_b10_adaptive_gated_contention_actor_100ep_300slot_seed20260741,isac_mappo,adaptive_gated_contention_shared,collision_topology,isac_structured_marl,adaptive_gated_contention_actor,Adaptive gated contention ISAC-MAPPO,20260741,10,648,36,18,5.0
93,0.0,849.98828125,99,9686.3828125,70.1,28000,train_n10_b10_adaptive_gated_contention_actor_100ep_300slot_seed20260741,isac_mappo,adaptive_gated_contention_shared,collision_topology,isac_structured_marl,adaptive_gated_contention_actor,Adaptive gated contention ISAC-MAPPO,20260741,10,648,36,18,5.0
93,0.0,849.81640625,199,9674.23828125,70.1,28100,train_n10_b10_adaptive_gated_contention_actor_100ep_300slot_seed20260741,isac_mappo,adaptive_gated_contention_shared,collision_topology,isac_structured_marl,adaptive_gated_contention_actor,Adaptive gated contention ISAC-MAPPO,20260741,10,648,36,18,5.0
93,0.0,849.81640625,299,9706.97265625,70.0,28200,train_n10_b10_adaptive_gated_contention_actor_100ep_300slot_seed20260741,isac_mappo,adaptive_gated_contention_shared,collision_topology,isac_structured_marl,adaptive_gated_contention_actor,Adaptive gated contention ISAC-MAPPO,20260741,10,648,36,18,5.0
94,0.0,501.58203125,99,9910.94140625,69.4,28300,train_n10_b10_adaptive_gated_contention_actor_100ep_300slot_seed20260741,isac_mappo,adaptive_gated_contention_shared,collision_topology,isac_structured_marl,adaptive_gated_contention_actor,Adaptive gated contention ISAC-MAPPO,20260741,10,648,36,18,5.0
94,0.0,501.13671875,199,9903.2421875,69.4,28400,train_n10_b10_adaptive_gated_contention_actor_100ep_300slot_seed20260741,isac_mappo,adaptive_gated_contention_shared,collision_topology,isac_structured_marl,adaptive_gated_contention_actor,Adaptive gated contention ISAC-MAPPO,20260741,10,648,36,18,5.0
94,0.0,501.13671875,299,9897.546875,69.4,28500,train_n10_b10_adaptive_gated_contention_actor_100ep_300slot_seed20260741,isac_mappo,adaptive_gated_contention_shared,collision_topology,isac_structured_marl,adaptive_gated_contention_actor,Adaptive gated contention ISAC-MAPPO,20260741,10,648,36,18,5.0
95,0.0,827.9375,99,9459.296875,70.8,28600,train_n10_b10_adaptive_gated_contention_actor_100ep_300slot_seed20260741,isac_mappo,adaptive_gated_contention_shared,collision_topology,isac_structured_marl,adaptive_gated_contention_actor,Adaptive gated contention ISAC-MAPPO,20260741,10,648,36,18,5.0
95,0.0,827.9375,199,9491.7265625,70.7,28700,train_n10_b10_adaptive_gated_contention_actor_100ep_300slot_seed20260741,isac_mappo,adaptive_gated_contention_shared,collision_topology,isac_structured_marl,adaptive_gated_contention_actor,Adaptive gated contention ISAC-MAPPO,20260741,10,648,36,18,5.0
95,0.0,827.78125,299,9416.11328125,70.9,28800,train_n10_b10_adaptive_gated_contention_actor_100ep_300slot_seed20260741,isac_mappo,adaptive_gated_contention_shared,collision_topology,isac_structured_marl,adaptive_gated_contention_actor,Adaptive gated contention ISAC-MAPPO,20260741,10,648,36,18,5.0
96,0.0,839.390625,99,9321.328125,71.2,28900,train_n10_b10_adaptive_gated_contention_actor_100ep_300slot_seed20260741,isac_mappo,adaptive_gated_contention_shared,collision_topology,isac_structured_marl,adaptive_gated_contention_actor,Adaptive gated contention ISAC-MAPPO,20260741,10,648,36,18,5.0
96,0.0,839.390625,199,9292.2421875,71.3,29000,train_n10_b10_adaptive_gated_contention_actor_100ep_300slot_seed20260741,isac_mappo,adaptive_gated_contention_shared,collision_topology,isac_structured_marl,adaptive_gated_contention_actor,Adaptive gated contention ISAC-MAPPO,20260741,10,648,36,18,5.0
96,0.0,839.2890625,299,9295.28515625,71.3,29100,train_n10_b10_adaptive_gated_contention_actor_100ep_300slot_seed20260741,isac_mappo,adaptive_gated_contention_shared,collision_topology,isac_structured_marl,adaptive_gated_contention_actor,Adaptive gated contention ISAC-MAPPO,20260741,10,648,36,18,5.0
97,0.0,498.28125,99,9509.63671875,70.6,29200,train_n10_b10_adaptive_gated_contention_actor_100ep_300slot_seed20260741,isac_mappo,adaptive_gated_contention_shared,collision_topology,isac_structured_marl,adaptive_gated_contention_actor,Adaptive gated contention ISAC-MAPPO,20260741,10,648,36,18,5.0
97,0.0,498.28125,199,9552.84375,70.5,29300,train_n10_b10_adaptive_gated_contention_actor_100ep_300slot_seed20260741,isac_mappo,adaptive_gated_contention_shared,collision_topology,isac_structured_marl,adaptive_gated_contention_actor,Adaptive gated contention ISAC-MAPPO,20260741,10,648,36,18,5.0
97,0.0,498.28125,299,9533.5078125,70.6,29400,train_n10_b10_adaptive_gated_contention_actor_100ep_300slot_seed20260741,isac_mappo,adaptive_gated_contention_shared,collision_topology,isac_structured_marl,adaptive_gated_contention_actor,Adaptive gated contention ISAC-MAPPO,20260741,10,648,36,18,5.0
98,0.0,856.4296875,99,9011.484375,72.2,29500,train_n10_b10_adaptive_gated_contention_actor_100ep_300slot_seed20260741,isac_mappo,adaptive_gated_contention_shared,collision_topology,isac_structured_marl,adaptive_gated_contention_actor,Adaptive gated contention ISAC-MAPPO,20260741,10,648,36,18,5.0
98,0.0,856.44140625,199,9073.8046875,72.0,29600,train_n10_b10_adaptive_gated_contention_actor_100ep_300slot_seed20260741,isac_mappo,adaptive_gated_contention_shared,collision_topology,isac_structured_marl,adaptive_gated_contention_actor,Adaptive gated contention ISAC-MAPPO,20260741,10,648,36,18,5.0
98,0.0,856.44140625,299,9111.62890625,71.9,29700,train_n10_b10_adaptive_gated_contention_actor_100ep_300slot_seed20260741,isac_mappo,adaptive_gated_contention_shared,collision_topology,isac_structured_marl,adaptive_gated_contention_actor,Adaptive gated contention ISAC-MAPPO,20260741,10,648,36,18,5.0
99,0.0,500.0703125,99,9334.25,71.2,29800,train_n10_b10_adaptive_gated_contention_actor_100ep_300slot_seed20260741,isac_mappo,adaptive_gated_contention_shared,collision_topology,isac_structured_marl,adaptive_gated_contention_actor,Adaptive gated contention ISAC-MAPPO,20260741,10,648,36,18,5.0
99,0.0,499.6953125,199,9321.19140625,71.2,29900,train_n10_b10_adaptive_gated_contention_actor_100ep_300slot_seed20260741,isac_mappo,adaptive_gated_contention_shared,collision_topology,isac_structured_marl,adaptive_gated_contention_actor,Adaptive gated contention ISAC-MAPPO,20260741,10,648,36,18,5.0
99,0.0,500.9453125,299,9335.0,71.2,30000,train_n10_b10_adaptive_gated_contention_actor_100ep_300slot_seed20260741,isac_mappo,adaptive_gated_contention_shared,collision_topology,isac_structured_marl,adaptive_gated_contention_actor,Adaptive gated contention ISAC-MAPPO,20260741,10,648,36,18,5.0
